date,hour_interval,total_precip
2015-01-01,0000-0400,0.0
2015-01-01,0400-0800,0.0
2015-01-01,0800-1200,0.0
2015-01-01,1200-1600,0.0
2015-01-01,1600-2000,0.0
2015-01-01,2000-0000,0.0
2015-01-02,0000-0400,0.0
2015-01-02,0400-0800,0.0
2015-01-02,0800-1200,0.0
2015-01-02,1200-1600,0.0
2015-01-02,1600-2000,0.0
2015-01-02,2000-0000,0.0
2015-01-03,0000-0400,0.0
2015-01-03,0400-0800,0.0
2015-01-03,0800-1200,0.0
2015-01-03,1200-1600,0.43
2015-01-03,1600-2000,0.8300000000000001
2015-01-03,2000-0000,0.27999999999999997
2015-01-04,0000-0400,0.4
2015-01-04,0400-0800,0.05
2015-01-04,0800-1200,0.02
2015-01-04,1200-1600,0.0
2015-01-04,1600-2000,0.02
2015-01-04,2000-0000,0.060000000000000005
2015-01-05,0000-0400,0.0
2015-01-05,0400-0800,0.0
2015-01-05,0800-1200,0.0
2015-01-05,1200-1600,0.0
2015-01-05,1600-2000,0.0
2015-01-05,2000-0000,0.0
2015-01-06,0000-0400,0.0
2015-01-06,0400-0800,0.0
2015-01-06,0800-1200,0.07999999999999999
2015-01-06,1200-1600,0.0
2015-01-06,1600-2000,0.0
2015-01-06,2000-0000,0.0
2015-01-07,0000-0400,0.0
2015-01-07,0400-0800,0.0
2015-01-07,0800-1200,0.0
2015-01-07,1200-1600,0.0
2015-01-07,1600-2000,0.0
2015-01-07,2000-0000,0.0
2015-01-08,0000-0400,0.0
2015-01-08,0400-0800,0.0
2015-01-08,0800-1200,0.0
2015-01-08,1200-1600,0.0
2015-01-08,1600-2000,0.0
2015-01-08,2000-0000,0.0
2015-01-09,0000-0400,0.0
2015-01-09,0400-0800,0.11000000000000001
2015-01-09,0800-1200,0.14
2015-01-09,1200-1600,0.0
2015-01-09,1600-2000,0.0
2015-01-09,2000-0000,0.0
2015-01-10,0000-0400,0.0
2015-01-10,0400-0800,0.0
2015-01-10,0800-1200,0.0
2015-01-10,1200-1600,0.0
2015-01-10,1600-2000,0.0
2015-01-10,2000-0000,0.0
2015-01-11,0000-0400,0.0
2015-01-11,0400-0800,0.0
2015-01-11,0800-1200,0.0
2015-01-11,1200-1600,0.0
2015-01-11,1600-2000,0.0
2015-01-11,2000-0000,0.0
2015-01-12,0000-0400,0.0
2015-01-12,0400-0800,0.01
2015-01-12,0800-1200,0.18000000000000002
2015-01-12,1200-1600,0.6600000000000001
2015-01-12,1600-2000,0.0
2015-01-12,2000-0000,0.01
2015-01-13,0000-0400,0.0
2015-01-13,0400-0800,0.0
2015-01-13,0800-1200,0.0
2015-01-13,1200-1600,0.0
2015-01-13,1600-2000,0.0
2015-01-13,2000-0000,0.0
2015-01-14,0000-0400,0.0
2015-01-14,0400-0800,0.0
2015-01-14,0800-1200,0.0
2015-01-14,1200-1600,0.0
2015-01-14,1600-2000,0.0
2015-01-14,2000-0000,0.0
2015-01-15,0000-0400,0.0
2015-01-15,0400-0800,0.0
2015-01-15,0800-1200,0.0
2015-01-15,1200-1600,0.0
2015-01-15,1600-2000,0.0
2015-01-15,2000-0000,0.0
2015-01-16,0000-0400,0.0
2015-01-16,0400-0800,0.0
2015-01-16,0800-1200,0.0
2015-01-16,1200-1600,0.0
2015-01-16,1600-2000,0.0
2015-01-16,2000-0000,0.0
2015-01-17,0000-0400,0.0
2015-01-17,0400-0800,0.0
2015-01-17,0800-1200,0.0
2015-01-17,1200-1600,0.0
2015-01-17,1600-2000,0.0
2015-01-17,2000-0000,0.0
2015-01-18,0000-0400,0.0
2015-01-18,0400-0800,0.02
2015-01-18,0800-1200,0.91
2015-01-18,1200-1600,2.12
2015-01-18,1600-2000,0.95
2015-01-18,2000-0000,0.03
2015-01-19,0000-0400,0.0
2015-01-19,0400-0800,0.0
2015-01-19,0800-1200,0.0
2015-01-19,1200-1600,0.0
2015-01-19,1600-2000,0.0
2015-01-19,2000-0000,0.0
2015-01-20,0000-0400,0.0
2015-01-20,0400-0800,0.0
2015-01-20,0800-1200,0.0
2015-01-20,1200-1600,0.0
2015-01-20,1600-2000,0.0
2015-01-20,2000-0000,0.0
2015-01-21,0000-0400,0.0
2015-01-21,0400-0800,0.0
2015-01-21,0800-1200,0.0
2015-01-21,1200-1600,0.0
2015-01-21,1600-2000,0.0
2015-01-21,2000-0000,0.0
2015-01-22,0000-0400,0.0
2015-01-22,0400-0800,0.0
2015-01-22,0800-1200,0.0
2015-01-22,1200-1600,0.0
2015-01-22,1600-2000,0.0
2015-01-22,2000-0000,0.0
2015-01-23,0000-0400,0.0
2015-01-23,0400-0800,0.0
2015-01-23,0800-1200,0.0
2015-01-23,1200-1600,0.0
2015-01-23,1600-2000,0.0
2015-01-23,2000-0000,0.0
2015-01-24,0000-0400,0.42
2015-01-24,0400-0800,0.6
2015-01-24,0800-1200,0.04
2015-01-24,1200-1600,0.0
2015-01-24,1600-2000,0.01
2015-01-24,2000-0000,0.0
2015-01-25,0000-0400,0.0
2015-01-25,0400-0800,0.0
2015-01-25,0800-1200,0.0
2015-01-25,1200-1600,0.0
2015-01-25,1600-2000,0.0
2015-01-25,2000-0000,0.0
2015-01-26,0000-0400,0.0
2015-01-26,0400-0800,0.0
2015-01-26,0800-1200,0.04
2015-01-26,1200-1600,0.33999999999999997
2015-01-26,1600-2000,0.16
2015-01-26,2000-0000,0.12
2015-01-27,0000-0400,0.41000000000000003
2015-01-27,0400-0800,0.11999999999999998
2015-01-27,0800-1200,0.0
2015-01-27,1200-1600,0.0
2015-01-27,1600-2000,0.0
2015-01-27,2000-0000,0.0
2015-01-28,0000-0400,0.0
2015-01-28,0400-0800,0.0
2015-01-28,0800-1200,0.0
2015-01-28,1200-1600,0.0
2015-01-28,1600-2000,0.0
2015-01-28,2000-0000,0.0
2015-01-29,0000-0400,0.0
2015-01-29,0400-0800,0.0
2015-01-29,0800-1200,0.0
2015-01-29,1200-1600,0.0
2015-01-29,1600-2000,0.0
2015-01-29,2000-0000,0.03
2015-01-30,0000-0400,0.13999999999999999
2015-01-30,0400-0800,0.0
2015-01-30,0800-1200,0.02
2015-01-30,1200-1600,0.0
2015-01-30,1600-2000,0.0
2015-01-30,2000-0000,0.0
2015-01-31,0000-0400,0.0
2015-01-31,0400-0800,0.0
2015-01-31,0800-1200,0.0
2015-01-31,1200-1600,0.0
2015-01-31,1600-2000,0.0
2015-01-31,2000-0000,0.0
2015-02-01,0000-0400,0.0
2015-02-01,0400-0800,0.0
2015-02-01,0800-1200,0.0
2015-02-01,1200-1600,0.0
2015-02-01,1600-2000,0.0
2015-02-01,2000-0000,0.08999999999999998
2015-02-02,0000-0400,0.32999999999999996
2015-02-02,0400-0800,1.0500000000000003
2015-02-02,0800-1200,0.5100000000000001
2015-02-02,1200-1600,0.13999999999999999
2015-02-02,1600-2000,0.0
2015-02-02,2000-0000,0.0
2015-02-03,0000-0400,0.0
2015-02-03,0400-0800,0.0
2015-02-03,0800-1200,0.0
2015-02-03,1200-1600,0.0
2015-02-03,1600-2000,0.0
2015-02-03,2000-0000,0.0
2015-02-04,0000-0400,0.0
2015-02-04,0400-0800,0.0
2015-02-04,0800-1200,0.0
2015-02-04,1200-1600,0.0
2015-02-04,1600-2000,0.0
2015-02-04,2000-0000,0.0
2015-02-05,0000-0400,0.0
2015-02-05,0400-0800,0.0
2015-02-05,0800-1200,0.0
2015-02-05,1200-1600,0.0
2015-02-05,1600-2000,0.0
2015-02-05,2000-0000,0.0
2015-02-06,0000-0400,0.0
2015-02-06,0400-0800,0.0
2015-02-06,0800-1200,0.0
2015-02-06,1200-1600,0.0
2015-02-06,1600-2000,0.0
2015-02-06,2000-0000,0.0
2015-02-07,0000-0400,0.0
2015-02-07,0400-0800,0.0
2015-02-07,0800-1200,0.03
2015-02-07,1200-1600,0.0
2015-02-07,1600-2000,0.0
2015-02-07,2000-0000,0.0
2015-02-08,0000-0400,0.0
2015-02-08,0400-0800,0.0
2015-02-08,0800-1200,0.0
2015-02-08,1200-1600,0.0
2015-02-08,1600-2000,0.0
2015-02-08,2000-0000,0.0
2015-02-09,0000-0400,0.0
2015-02-09,0400-0800,0.06
2015-02-09,0800-1200,0.03
2015-02-09,1200-1600,0.0
2015-02-09,1600-2000,0.0
2015-02-09,2000-0000,0.0
2015-02-10,0000-0400,0.0
2015-02-10,0400-0800,0.02
2015-02-10,0800-1200,0.0
2015-02-10,1200-1600,0.0
2015-02-10,1600-2000,0.0
2015-02-10,2000-0000,0.0
2015-02-11,0000-0400,0.0
2015-02-11,0400-0800,0.0
2015-02-11,0800-1200,0.0
2015-02-11,1200-1600,0.0
2015-02-11,1600-2000,0.0
2015-02-11,2000-0000,0.0
2015-02-12,0000-0400,0.0
2015-02-12,0400-0800,0.0
2015-02-12,0800-1200,0.0
2015-02-12,1200-1600,0.0
2015-02-12,1600-2000,0.0
2015-02-12,2000-0000,0.0
2015-02-13,0000-0400,0.0
2015-02-13,0400-0800,0.0
2015-02-13,0800-1200,0.0
2015-02-13,1200-1600,0.0
2015-02-13,1600-2000,0.0
2015-02-13,2000-0000,0.0
2015-02-14,0000-0400,0.0
2015-02-14,0400-0800,0.0
2015-02-14,0800-1200,0.0
2015-02-14,1200-1600,0.01
2015-02-14,1600-2000,0.0
2015-02-14,2000-0000,0.01
2015-02-15,0000-0400,0.0
2015-02-15,0400-0800,0.0
2015-02-15,0800-1200,0.0
2015-02-15,1200-1600,0.0
2015-02-15,1600-2000,0.0
2015-02-15,2000-0000,0.0
2015-02-16,0000-0400,0.0
2015-02-16,0400-0800,0.0
2015-02-16,0800-1200,0.0
2015-02-16,1200-1600,0.0
2015-02-16,1600-2000,0.0
2015-02-16,2000-0000,0.0
2015-02-17,0000-0400,0.05
2015-02-17,0400-0800,0.13
2015-02-17,0800-1200,0.02
2015-02-17,1200-1600,0.0
2015-02-17,1600-2000,0.0
2015-02-17,2000-0000,0.0
2015-02-18,0000-0400,0.0
2015-02-18,0400-0800,0.0
2015-02-18,0800-1200,0.0
2015-02-18,1200-1600,0.0
2015-02-18,1600-2000,0.0
2015-02-18,2000-0000,0.0
2015-02-19,0000-0400,0.0
2015-02-19,0400-0800,0.0
2015-02-19,0800-1200,0.0
2015-02-19,1200-1600,0.0
2015-02-19,1600-2000,0.0
2015-02-19,2000-0000,0.0
2015-02-20,0000-0400,0.0
2015-02-20,0400-0800,0.0
2015-02-20,0800-1200,0.0
2015-02-20,1200-1600,0.0
2015-02-20,1600-2000,0.0
2015-02-20,2000-0000,0.0
2015-02-21,0000-0400,0.0
2015-02-21,0400-0800,0.0
2015-02-21,0800-1200,0.0
2015-02-21,1200-1600,0.16
2015-02-21,1600-2000,0.27
2015-02-21,2000-0000,0.45
2015-02-22,0000-0400,0.07
2015-02-22,0400-0800,0.2
2015-02-22,0800-1200,0.0
2015-02-22,1200-1600,0.0
2015-02-22,1600-2000,0.0
2015-02-22,2000-0000,0.0
2015-02-23,0000-0400,0.0
2015-02-23,0400-0800,0.0
2015-02-23,0800-1200,0.0
2015-02-23,1200-1600,0.0
2015-02-23,1600-2000,0.0
2015-02-23,2000-0000,0.0
2015-02-24,0000-0400,0.0
2015-02-24,0400-0800,0.0
2015-02-24,0800-1200,0.0
2015-02-24,1200-1600,0.0
2015-02-24,1600-2000,0.0
2015-02-24,2000-0000,0.0
2015-02-25,0000-0400,0.0
2015-02-25,0400-0800,0.0
2015-02-25,0800-1200,0.0
2015-02-25,1200-1600,0.0
2015-02-25,1600-2000,0.0
2015-02-25,2000-0000,0.0
2015-02-26,0000-0400,0.0
2015-02-26,0400-0800,0.0
2015-02-26,0800-1200,0.0
2015-02-26,1200-1600,0.0
2015-02-26,1600-2000,0.0
2015-02-26,2000-0000,0.0
2015-02-27,0000-0400,0.0
2015-02-27,0400-0800,0.0
2015-02-27,0800-1200,0.0
2015-02-27,1200-1600,0.0
2015-02-27,1600-2000,0.0
2015-02-27,2000-0000,0.0
2015-02-28,0000-0400,0.0
2015-02-28,0400-0800,0.0
2015-02-28,0800-1200,0.0
2015-02-28,1200-1600,0.0
2015-02-28,1600-2000,0.0
2015-02-28,2000-0000,0.0
2015-03-01,0000-0400,0.0
2015-03-01,0400-0800,0.0
2015-03-01,0800-1200,0.0
2015-03-01,1200-1600,0.35
2015-03-01,1600-2000,0.6200000000000002
2015-03-01,2000-0000,0.17
2015-03-02,0000-0400,0.0
2015-03-02,0400-0800,0.0
2015-03-02,0800-1200,0.0
2015-03-02,1200-1600,0.0
2015-03-02,1600-2000,0.0
2015-03-02,2000-0000,0.0
2015-03-03,0000-0400,0.0
2015-03-03,0400-0800,0.0
2015-03-03,0800-1200,0.0
2015-03-03,1200-1600,0.03
2015-03-03,1600-2000,0.8
2015-03-03,2000-0000,0.45
2015-03-04,0000-0400,0.0
2015-03-04,0400-0800,0.05
2015-03-04,0800-1200,0.03
2015-03-04,1200-1600,0.0
2015-03-04,1600-2000,0.0
2015-03-04,2000-0000,0.38
2015-03-05,0000-0400,0.27
2015-03-05,0400-0800,0.17
2015-03-05,0800-1200,0.55
2015-03-05,1200-1600,0.21000000000000002
2015-03-05,1600-2000,0.060000000000000005
2015-03-05,2000-0000,0.0
2015-03-06,0000-0400,0.0
2015-03-06,0400-0800,0.0
2015-03-06,0800-1200,0.0
2015-03-06,1200-1600,0.0
2015-03-06,1600-2000,0.0
2015-03-06,2000-0000,0.0
2015-03-07,0000-0400,0.0
2015-03-07,0400-0800,0.0
2015-03-07,0800-1200,0.0
2015-03-07,1200-1600,0.0
2015-03-07,1600-2000,0.0
2015-03-07,2000-0000,0.0
2015-03-08,0000-0400,0.0
2015-03-08,0400-0800,0.0
2015-03-08,0800-1200,0.0
2015-03-08,1200-1600,0.0
2015-03-08,1600-2000,0.0
2015-03-08,2000-0000,0.0
2015-03-09,0000-0400,0.0
2015-03-09,0400-0800,0.01
2015-03-09,0800-1200,0.0
2015-03-09,1200-1600,0.0
2015-03-09,1600-2000,0.0
2015-03-09,2000-0000,0.0
2015-03-10,0000-0400,0.0
2015-03-10,0400-0800,0.0
2015-03-10,0800-1200,0.0
2015-03-10,1200-1600,0.01
2015-03-10,1600-2000,0.45000000000000007
2015-03-10,2000-0000,0.4800000000000001
2015-03-11,0000-0400,0.01
2015-03-11,0400-0800,0.0
2015-03-11,0800-1200,0.0
2015-03-11,1200-1600,0.0
2015-03-11,1600-2000,0.0
2015-03-11,2000-0000,0.0
2015-03-12,0000-0400,0.0
2015-03-12,0400-0800,0.0
2015-03-12,0800-1200,0.0
2015-03-12,1200-1600,0.0
2015-03-12,1600-2000,0.0
2015-03-12,2000-0000,0.0
2015-03-13,0000-0400,0.0
2015-03-13,0400-0800,0.0
2015-03-13,0800-1200,0.0
2015-03-13,1200-1600,0.0
2015-03-13,1600-2000,0.0
2015-03-13,2000-0000,0.0
2015-03-14,0000-0400,0.060000000000000005
2015-03-14,0400-0800,0.6100000000000001
2015-03-14,0800-1200,0.44
2015-03-14,1200-1600,0.04
2015-03-14,1600-2000,0.06
2015-03-14,2000-0000,0.09999999999999999
2015-03-15,0000-0400,0.0
2015-03-15,0400-0800,0.0
2015-03-15,0800-1200,0.0
2015-03-15,1200-1600,0.0
2015-03-15,1600-2000,0.0
2015-03-15,2000-0000,0.0
2015-03-16,0000-0400,0.0
2015-03-16,0400-0800,0.0
2015-03-16,0800-1200,0.0
2015-03-16,1200-1600,0.0
2015-03-16,1600-2000,0.0
2015-03-16,2000-0000,0.0
2015-03-17,0000-0400,0.01
2015-03-17,0400-0800,0.01
2015-03-17,0800-1200,0.0
2015-03-17,1200-1600,0.0
2015-03-17,1600-2000,0.0
2015-03-17,2000-0000,0.0
2015-03-18,0000-0400,0.0
2015-03-18,0400-0800,0.0
2015-03-18,0800-1200,0.0
2015-03-18,1200-1600,0.0
2015-03-18,1600-2000,0.0
2015-03-18,2000-0000,0.0
2015-03-19,0000-0400,0.0
2015-03-19,0400-0800,0.0
2015-03-19,0800-1200,0.0
2015-03-19,1200-1600,0.0
2015-03-19,1600-2000,0.0
2015-03-19,2000-0000,0.0
2015-03-20,0000-0400,0.0
2015-03-20,0400-0800,0.0
2015-03-20,0800-1200,0.0
2015-03-20,1200-1600,0.25
2015-03-20,1600-2000,0.23
2015-03-20,2000-0000,0.01
2015-03-21,0000-0400,0.0
2015-03-21,0400-0800,0.0
2015-03-21,0800-1200,0.0
2015-03-21,1200-1600,0.0
2015-03-21,1600-2000,0.0
2015-03-21,2000-0000,0.0
2015-03-22,0000-0400,0.0
2015-03-22,0400-0800,0.0
2015-03-22,0800-1200,0.0
2015-03-22,1200-1600,0.0
2015-03-22,1600-2000,0.0
2015-03-22,2000-0000,0.0
2015-03-23,0000-0400,0.0
2015-03-23,0400-0800,0.0
2015-03-23,0800-1200,0.0
2015-03-23,1200-1600,0.0
2015-03-23,1600-2000,0.0
2015-03-23,2000-0000,0.0
2015-03-24,0000-0400,0.0
2015-03-24,0400-0800,0.0
2015-03-24,0800-1200,0.0
2015-03-24,1200-1600,0.0
2015-03-24,1600-2000,0.0
2015-03-24,2000-0000,0.0
2015-03-25,0000-0400,0.0
2015-03-25,0400-0800,0.0
2015-03-25,0800-1200,0.0
2015-03-25,1200-1600,0.03
2015-03-25,1600-2000,0.03
2015-03-25,2000-0000,0.0
2015-03-26,0000-0400,0.0
2015-03-26,0400-0800,0.0
2015-03-26,0800-1200,0.05
2015-03-26,1200-1600,0.05
2015-03-26,1600-2000,0.0
2015-03-26,2000-0000,0.7500000000000002
2015-03-27,0000-0400,0.2
2015-03-27,0400-0800,0.3
2015-03-27,0800-1200,0.0
2015-03-27,1200-1600,0.0
2015-03-27,1600-2000,0.0
2015-03-27,2000-0000,0.0
2015-03-28,0000-0400,0.0
2015-03-28,0400-0800,0.0
2015-03-28,0800-1200,0.0
2015-03-28,1200-1600,0.0
2015-03-28,1600-2000,0.0
2015-03-28,2000-0000,0.0
2015-03-29,0000-0400,0.0
2015-03-29,0400-0800,0.0
2015-03-29,0800-1200,0.0
2015-03-29,1200-1600,0.0
2015-03-29,1600-2000,0.0
2015-03-29,2000-0000,0.0
2015-03-30,0000-0400,0.0
2015-03-30,0400-0800,0.0
2015-03-30,0800-1200,0.0
2015-03-30,1200-1600,0.0
2015-03-30,1600-2000,0.0
2015-03-30,2000-0000,0.0
2015-03-31,0000-0400,0.0
2015-03-31,0400-0800,0.0
2015-03-31,0800-1200,0.0
2015-03-31,1200-1600,0.14
2015-03-31,1600-2000,0.17
2015-03-31,2000-0000,0.03
2015-04-01,0000-0400,0.0
2015-04-01,0400-0800,0.0
2015-04-01,0800-1200,0.0
2015-04-01,1200-1600,0.0
2015-04-01,1600-2000,0.0
2015-04-01,2000-0000,0.0
2015-04-02,0000-0400,0.0
2015-04-02,0400-0800,0.0
2015-04-02,0800-1200,0.0
2015-04-02,1200-1600,0.0
2015-04-02,1600-2000,0.0
2015-04-02,2000-0000,0.0
2015-04-03,0000-0400,0.0
2015-04-03,0400-0800,0.0
2015-04-03,0800-1200,0.02
2015-04-03,1200-1600,0.03
2015-04-03,1600-2000,0.0
2015-04-03,2000-0000,0.0
2015-04-04,0000-0400,0.0
2015-04-04,0400-0800,0.01
2015-04-04,0800-1200,0.0
2015-04-04,1200-1600,0.0
2015-04-04,1600-2000,0.0
2015-04-04,2000-0000,0.0
2015-04-05,0000-0400,0.0
2015-04-05,0400-0800,0.0
2015-04-05,0800-1200,0.0
2015-04-05,1200-1600,0.0
2015-04-05,1600-2000,0.0
2015-04-05,2000-0000,0.0
2015-04-06,0000-0400,0.0
2015-04-06,0400-0800,0.0
2015-04-06,0800-1200,0.0
2015-04-06,1200-1600,0.0
2015-04-06,1600-2000,0.0
2015-04-06,2000-0000,0.0
2015-04-07,0000-0400,0.0
2015-04-07,0400-0800,0.01
2015-04-07,0800-1200,0.0
2015-04-07,1200-1600,0.0
2015-04-07,1600-2000,0.2
2015-04-07,2000-0000,0.03
2015-04-08,0000-0400,0.0
2015-04-08,0400-0800,0.0
2015-04-08,0800-1200,0.0
2015-04-08,1200-1600,0.0
2015-04-08,1600-2000,0.0
2015-04-08,2000-0000,0.0
2015-04-09,0000-0400,0.0
2015-04-09,0400-0800,0.0
2015-04-09,0800-1200,0.0
2015-04-09,1200-1600,0.0
2015-04-09,1600-2000,0.0
2015-04-09,2000-0000,0.0
2015-04-10,0000-0400,0.16
2015-04-10,0400-0800,0.31000000000000005
2015-04-10,0800-1200,0.0
2015-04-10,1200-1600,0.0
2015-04-10,1600-2000,0.0
2015-04-10,2000-0000,0.0
2015-04-11,0000-0400,0.0
2015-04-11,0400-0800,0.0
2015-04-11,0800-1200,0.0
2015-04-11,1200-1600,0.0
2015-04-11,1600-2000,0.0
2015-04-11,2000-0000,0.0
2015-04-12,0000-0400,0.0
2015-04-12,0400-0800,0.0
2015-04-12,0800-1200,0.0
2015-04-12,1200-1600,0.0
2015-04-12,1600-2000,0.0
2015-04-12,2000-0000,0.0
2015-04-13,0000-0400,0.0
2015-04-13,0400-0800,0.0
2015-04-13,0800-1200,0.0
2015-04-13,1200-1600,0.0
2015-04-13,1600-2000,0.0
2015-04-13,2000-0000,0.0
2015-04-14,0000-0400,0.0
2015-04-14,0400-0800,0.01
2015-04-14,0800-1200,0.0
2015-04-14,1200-1600,0.0
2015-04-14,1600-2000,0.0
2015-04-14,2000-0000,0.0
2015-04-15,0000-0400,0.0
2015-04-15,0400-0800,0.0
2015-04-15,0800-1200,0.0
2015-04-15,1200-1600,0.0
2015-04-15,1600-2000,0.0
2015-04-15,2000-0000,0.0
2015-04-16,0000-0400,0.0
2015-04-16,0400-0800,0.0
2015-04-16,0800-1200,0.0
2015-04-16,1200-1600,0.0
2015-04-16,1600-2000,0.0
2015-04-16,2000-0000,0.0
2015-04-17,0000-0400,0.03
2015-04-17,0400-0800,0.16
2015-04-17,0800-1200,0.0
2015-04-17,1200-1600,0.0
2015-04-17,1600-2000,0.0
2015-04-17,2000-0000,0.0
2015-04-18,0000-0400,0.0
2015-04-18,0400-0800,0.0
2015-04-18,0800-1200,0.0
2015-04-18,1200-1600,0.0
2015-04-18,1600-2000,0.0
2015-04-18,2000-0000,0.0
2015-04-19,0000-0400,0.0
2015-04-19,0400-0800,0.0
2015-04-19,0800-1200,0.0
2015-04-19,1200-1600,0.0
2015-04-19,1600-2000,0.0
2015-04-19,2000-0000,0.0
2015-04-20,0000-0400,0.01
2015-04-20,0400-0800,0.16
2015-04-20,0800-1200,2.2100000000000004
2015-04-20,1200-1600,0.18
2015-04-20,1600-2000,0.0
2015-04-20,2000-0000,0.1
2015-04-21,0000-0400,0.22
2015-04-21,0400-0800,0.060000000000000005
2015-04-21,0800-1200,0.1
2015-04-21,1200-1600,0.0
2015-04-21,1600-2000,0.0
2015-04-21,2000-0000,0.0
2015-04-22,0000-0400,0.0
2015-04-22,0400-0800,0.0
2015-04-22,0800-1200,0.0
2015-04-22,1200-1600,0.04
2015-04-22,1600-2000,0.01
2015-04-22,2000-0000,0.0
2015-04-23,0000-0400,0.0
2015-04-23,0400-0800,0.0
2015-04-23,0800-1200,0.0
2015-04-23,1200-1600,0.0
2015-04-23,1600-2000,0.0
2015-04-23,2000-0000,0.0
2015-04-24,0000-0400,0.0
2015-04-24,0400-0800,0.0
2015-04-24,0800-1200,0.0
2015-04-24,1200-1600,0.0
2015-04-24,1600-2000,0.0
2015-04-24,2000-0000,0.0
2015-04-25,0000-0400,0.0
2015-04-25,0400-0800,0.0
2015-04-25,0800-1200,0.0
2015-04-25,1200-1600,0.0
2015-04-25,1600-2000,0.0
2015-04-25,2000-0000,0.0
2015-04-26,0000-0400,0.0
2015-04-26,0400-0800,0.0
2015-04-26,0800-1200,0.0
2015-04-26,1200-1600,0.0
2015-04-26,1600-2000,0.0
2015-04-26,2000-0000,0.0
2015-04-27,0000-0400,0.0
2015-04-27,0400-0800,0.0
2015-04-27,0800-1200,0.0
2015-04-27,1200-1600,0.0
2015-04-27,1600-2000,0.0
2015-04-27,2000-0000,0.0
2015-04-28,0000-0400,0.0
2015-04-28,0400-0800,0.0
2015-04-28,0800-1200,0.0
2015-04-28,1200-1600,0.0
2015-04-28,1600-2000,0.0
2015-04-28,2000-0000,0.0
2015-04-29,0000-0400,0.0
2015-04-29,0400-0800,0.0
2015-04-29,0800-1200,0.0
2015-04-29,1200-1600,0.0
2015-04-29,1600-2000,0.0
2015-04-29,2000-0000,0.0
2015-04-30,0000-0400,0.0
2015-04-30,0400-0800,0.0
2015-04-30,0800-1200,0.0
2015-04-30,1200-1600,0.0
2015-04-30,1600-2000,0.0
2015-04-30,2000-0000,0.0
2015-05-01,0000-0400,0.0
2015-05-01,0400-0800,0.0
2015-05-01,0800-1200,0.0
2015-05-01,1200-1600,0.0
2015-05-01,1600-2000,0.0
2015-05-01,2000-0000,0.0
2015-05-02,0000-0400,0.0
2015-05-02,0400-0800,0.0
2015-05-02,0800-1200,0.0
2015-05-02,1200-1600,0.0
2015-05-02,1600-2000,0.0
2015-05-02,2000-0000,0.0
2015-05-03,0000-0400,0.0
2015-05-03,0400-0800,0.0
2015-05-03,0800-1200,0.0
2015-05-03,1200-1600,0.0
2015-05-03,1600-2000,0.0
2015-05-03,2000-0000,0.0
2015-05-04,0000-0400,0.0
2015-05-04,0400-0800,0.0
2015-05-04,0800-1200,0.0
2015-05-04,1200-1600,0.0
2015-05-04,1600-2000,0.0
2015-05-04,2000-0000,0.0
2015-05-05,0000-0400,0.0
2015-05-05,0400-0800,0.0
2015-05-05,0800-1200,0.0
2015-05-05,1200-1600,0.0
2015-05-05,1600-2000,0.0
2015-05-05,2000-0000,0.0
2015-05-06,0000-0400,0.0
2015-05-06,0400-0800,0.0
2015-05-06,0800-1200,0.0
2015-05-06,1200-1600,0.0
2015-05-06,1600-2000,0.0
2015-05-06,2000-0000,0.0
2015-05-07,0000-0400,0.0
2015-05-07,0400-0800,0.0
2015-05-07,0800-1200,0.0
2015-05-07,1200-1600,0.0
2015-05-07,1600-2000,0.0
2015-05-07,2000-0000,0.0
2015-05-08,0000-0400,0.0
2015-05-08,0400-0800,0.0
2015-05-08,0800-1200,0.0
2015-05-08,1200-1600,0.0
2015-05-08,1600-2000,0.0
2015-05-08,2000-0000,0.0
2015-05-09,0000-0400,0.0
2015-05-09,0400-0800,0.0
2015-05-09,0800-1200,0.0
2015-05-09,1200-1600,0.0
2015-05-09,1600-2000,0.0
2015-05-09,2000-0000,0.0
2015-05-10,0000-0400,0.0
2015-05-10,0400-0800,0.0
2015-05-10,0800-1200,0.0
2015-05-10,1200-1600,0.0
2015-05-10,1600-2000,0.0
2015-05-10,2000-0000,0.0
2015-05-11,0000-0400,0.0
2015-05-11,0400-0800,0.0
2015-05-11,0800-1200,0.0
2015-05-11,1200-1600,0.0
2015-05-11,1600-2000,0.0
2015-05-11,2000-0000,0.0
2015-05-12,0000-0400,0.0
2015-05-12,0400-0800,0.0
2015-05-12,0800-1200,0.0
2015-05-12,1200-1600,0.0
2015-05-12,1600-2000,0.0
2015-05-12,2000-0000,0.0
2015-05-13,0000-0400,0.0
2015-05-13,0400-0800,0.0
2015-05-13,0800-1200,0.0
2015-05-13,1200-1600,0.0
2015-05-13,1600-2000,0.0
2015-05-13,2000-0000,0.0
2015-05-14,0000-0400,0.0
2015-05-14,0400-0800,0.0
2015-05-14,0800-1200,0.0
2015-05-14,1200-1600,0.0
2015-05-14,1600-2000,0.0
2015-05-14,2000-0000,0.0
2015-05-15,0000-0400,0.0
2015-05-15,0400-0800,0.0
2015-05-15,0800-1200,0.0
2015-05-15,1200-1600,0.0
2015-05-15,1600-2000,0.0
2015-05-15,2000-0000,0.0
2015-05-16,0000-0400,0.03
2015-05-16,0400-0800,0.16
2015-05-16,0800-1200,0.0
2015-05-16,1200-1600,0.0
2015-05-16,1600-2000,0.03
2015-05-16,2000-0000,0.4100000000000001
2015-05-17,0000-0400,0.07
2015-05-17,0400-0800,0.0
2015-05-17,0800-1200,0.0
2015-05-17,1200-1600,0.0
2015-05-17,1600-2000,0.0
2015-05-17,2000-0000,0.0
2015-05-18,0000-0400,0.0
2015-05-18,0400-0800,0.0
2015-05-18,0800-1200,0.0
2015-05-18,1200-1600,0.0
2015-05-18,1600-2000,0.0
2015-05-18,2000-0000,0.0
2015-05-19,0000-0400,0.0
2015-05-19,0400-0800,0.0
2015-05-19,0800-1200,0.0
2015-05-19,1200-1600,0.0
2015-05-19,1600-2000,0.0
2015-05-19,2000-0000,0.0
2015-05-20,0000-0400,0.0
2015-05-20,0400-0800,0.0
2015-05-20,0800-1200,0.0
2015-05-20,1200-1600,0.0
2015-05-20,1600-2000,0.0
2015-05-20,2000-0000,0.0
2015-05-21,0000-0400,0.0
2015-05-21,0400-0800,0.0
2015-05-21,0800-1200,0.0
2015-05-21,1200-1600,0.0
2015-05-21,1600-2000,0.0
2015-05-21,2000-0000,0.0
2015-05-22,0000-0400,0.0
2015-05-22,0400-0800,0.0
2015-05-22,0800-1200,0.0
2015-05-22,1200-1600,0.0
2015-05-22,1600-2000,0.0
2015-05-22,2000-0000,0.0
2015-05-23,0000-0400,0.0
2015-05-23,0400-0800,0.0
2015-05-23,0800-1200,0.0
2015-05-23,1200-1600,0.0
2015-05-23,1600-2000,0.0
2015-05-23,2000-0000,0.0
2015-05-24,0000-0400,0.0
2015-05-24,0400-0800,0.0
2015-05-24,0800-1200,0.0
2015-05-24,1200-1600,0.0
2015-05-24,1600-2000,0.0
2015-05-24,2000-0000,0.0
2015-05-25,0000-0400,0.0
2015-05-25,0400-0800,0.0
2015-05-25,0800-1200,0.0
2015-05-25,1200-1600,0.0
2015-05-25,1600-2000,0.0
2015-05-25,2000-0000,0.0
2015-05-26,0000-0400,0.0
2015-05-26,0400-0800,0.0
2015-05-26,0800-1200,0.0
2015-05-26,1200-1600,0.0
2015-05-26,1600-2000,0.0
2015-05-26,2000-0000,0.0
2015-05-27,0000-0400,0.0
2015-05-27,0400-0800,0.0
2015-05-27,0800-1200,0.0
2015-05-27,1200-1600,0.0
2015-05-27,1600-2000,0.05
2015-05-27,2000-0000,0.03
2015-05-28,0000-0400,0.0
2015-05-28,0400-0800,0.0
2015-05-28,0800-1200,0.0
2015-05-28,1200-1600,0.0
2015-05-28,1600-2000,0.0
2015-05-28,2000-0000,0.0
2015-05-29,0000-0400,0.0
2015-05-29,0400-0800,0.0
2015-05-29,0800-1200,0.0
2015-05-29,1200-1600,0.0
2015-05-29,1600-2000,0.0
2015-05-29,2000-0000,0.0
2015-05-30,0000-0400,0.0
2015-05-30,0400-0800,0.0
2015-05-30,0800-1200,0.0
2015-05-30,1200-1600,0.0
2015-05-30,1600-2000,0.0
2015-05-30,2000-0000,0.0
2015-05-31,0000-0400,0.0
2015-05-31,0400-0800,0.0
2015-05-31,0800-1200,0.01
2015-05-31,1200-1600,0.31
2015-05-31,1600-2000,3.0599999999999996
2015-05-31,2000-0000,0.27
2015-06-01,0000-0400,0.93
2015-06-01,0400-0800,0.03
2015-06-01,0800-1200,0.49
2015-06-01,1200-1600,0.0
2015-06-01,1600-2000,0.02
2015-06-01,2000-0000,0.06
2015-06-02,0000-0400,0.14
2015-06-02,0400-0800,0.05
2015-06-02,0800-1200,0.0
2015-06-02,1200-1600,0.09999999999999999
2015-06-02,1600-2000,0.12
2015-06-02,2000-0000,0.04
2015-06-03,0000-0400,0.0
2015-06-03,0400-0800,0.0
2015-06-03,0800-1200,0.0
2015-06-03,1200-1600,0.0
2015-06-03,1600-2000,0.0
2015-06-03,2000-0000,0.0
2015-06-04,0000-0400,0.0
2015-06-04,0400-0800,0.0
2015-06-04,0800-1200,0.0
2015-06-04,1200-1600,0.0
2015-06-04,1600-2000,0.0
2015-06-04,2000-0000,0.0
2015-06-05,0000-0400,0.0
2015-06-05,0400-0800,0.0
2015-06-05,0800-1200,0.44
2015-06-05,1200-1600,0.02
2015-06-05,1600-2000,0.0
2015-06-05,2000-0000,0.0
2015-06-06,0000-0400,0.0
2015-06-06,0400-0800,0.5700000000000001
2015-06-06,0800-1200,0.0
2015-06-06,1200-1600,0.0
2015-06-06,1600-2000,0.0
2015-06-06,2000-0000,0.0
2015-06-07,0000-0400,0.0
2015-06-07,0400-0800,0.0
2015-06-07,0800-1200,0.0
2015-06-07,1200-1600,0.0
2015-06-07,1600-2000,0.0
2015-06-07,2000-0000,0.0
2015-06-08,0000-0400,0.0
2015-06-08,0400-0800,0.0
2015-06-08,0800-1200,0.01
2015-06-08,1200-1600,0.0
2015-06-08,1600-2000,0.0
2015-06-08,2000-0000,0.05
2015-06-09,0000-0400,0.01
2015-06-09,0400-0800,0.0
2015-06-09,0800-1200,0.0
2015-06-09,1200-1600,0.0
2015-06-09,1600-2000,0.0
2015-06-09,2000-0000,0.0
2015-06-10,0000-0400,0.0
2015-06-10,0400-0800,0.0
2015-06-10,0800-1200,0.0
2015-06-10,1200-1600,0.0
2015-06-10,1600-2000,0.0
2015-06-10,2000-0000,0.0
2015-06-11,0000-0400,0.0
2015-06-11,0400-0800,0.0
2015-06-11,0800-1200,0.0
2015-06-11,1200-1600,0.0
2015-06-11,1600-2000,0.0
2015-06-11,2000-0000,0.0
2015-06-12,0000-0400,0.0
2015-06-12,0400-0800,0.0
2015-06-12,0800-1200,0.0
2015-06-12,1200-1600,0.0
2015-06-12,1600-2000,0.0
2015-06-12,2000-0000,0.0
2015-06-13,0000-0400,0.0
2015-06-13,0400-0800,0.0
2015-06-13,0800-1200,0.0
2015-06-13,1200-1600,0.0
2015-06-13,1600-2000,0.0
2015-06-13,2000-0000,0.0
2015-06-14,0000-0400,0.0
2015-06-14,0400-0800,0.0
2015-06-14,0800-1200,0.0
2015-06-14,1200-1600,0.0
2015-06-14,1600-2000,0.0
2015-06-14,2000-0000,0.7300000000000002
2015-06-15,0000-0400,1.4600000000000002
2015-06-15,0400-0800,0.01
2015-06-15,0800-1200,0.0
2015-06-15,1200-1600,0.29000000000000004
2015-06-15,1600-2000,0.01
2015-06-15,2000-0000,0.0
2015-06-16,0000-0400,0.0
2015-06-16,0400-0800,0.0
2015-06-16,0800-1200,0.0
2015-06-16,1200-1600,0.04
2015-06-16,1600-2000,0.53
2015-06-16,2000-0000,0.0
2015-06-17,0000-0400,0.0
2015-06-17,0400-0800,0.0
2015-06-17,0800-1200,0.0
2015-06-17,1200-1600,0.0
2015-06-17,1600-2000,0.0
2015-06-17,2000-0000,0.0
2015-06-18,0000-0400,0.0
2015-06-18,0400-0800,0.0
2015-06-18,0800-1200,0.0
2015-06-18,1200-1600,0.0
2015-06-18,1600-2000,0.0
2015-06-18,2000-0000,0.0
2015-06-19,0000-0400,0.0
2015-06-19,0400-0800,0.0
2015-06-19,0800-1200,0.0
2015-06-19,1200-1600,0.0
2015-06-19,1600-2000,0.0
2015-06-19,2000-0000,0.0
2015-06-20,0000-0400,0.0
2015-06-20,0400-0800,0.0
2015-06-20,0800-1200,0.0
2015-06-20,1200-1600,0.0
2015-06-20,1600-2000,0.0
2015-06-20,2000-0000,0.0
2015-06-21,0000-0400,0.63
2015-06-21,0400-0800,0.38000000000000006
2015-06-21,0800-1200,0.0
2015-06-21,1200-1600,0.0
2015-06-21,1600-2000,0.01
2015-06-21,2000-0000,1.12
2015-06-22,0000-0400,0.0
2015-06-22,0400-0800,0.0
2015-06-22,0800-1200,0.0
2015-06-22,1200-1600,0.0
2015-06-22,1600-2000,0.0
2015-06-22,2000-0000,0.0
2015-06-23,0000-0400,0.0
2015-06-23,0400-0800,0.0
2015-06-23,0800-1200,0.0
2015-06-23,1200-1600,0.0
2015-06-23,1600-2000,0.02
2015-06-23,2000-0000,0.0
2015-06-24,0000-0400,0.0
2015-06-24,0400-0800,0.0
2015-06-24,0800-1200,0.0
2015-06-24,1200-1600,0.0
2015-06-24,1600-2000,0.0
2015-06-24,2000-0000,0.0
2015-06-25,0000-0400,0.0
2015-06-25,0400-0800,0.0
2015-06-25,0800-1200,0.0
2015-06-25,1200-1600,0.0
2015-06-25,1600-2000,0.0
2015-06-25,2000-0000,0.0
2015-06-26,0000-0400,0.0
2015-06-26,0400-0800,0.0
2015-06-26,0800-1200,0.0
2015-06-26,1200-1600,0.0
2015-06-26,1600-2000,0.0
2015-06-26,2000-0000,0.0
2015-06-27,0000-0400,0.0
2015-06-27,0400-0800,0.0
2015-06-27,0800-1200,0.0
2015-06-27,1200-1600,0.05
2015-06-27,1600-2000,1.3599999999999999
2015-06-27,2000-0000,1.2600000000000002
2015-06-28,0000-0400,0.5700000000000001
2015-06-28,0400-0800,0.03
2015-06-28,0800-1200,0.0
2015-06-28,1200-1600,0.0
2015-06-28,1600-2000,0.0
2015-06-28,2000-0000,0.0
2015-06-29,0000-0400,0.0
2015-06-29,0400-0800,0.0
2015-06-29,0800-1200,0.0
2015-06-29,1200-1600,0.0
2015-06-29,1600-2000,0.0
2015-06-29,2000-0000,0.0
2015-06-30,0000-0400,0.0
2015-06-30,0400-0800,0.0
2015-06-30,0800-1200,0.0
2015-06-30,1200-1600,0.0
2015-06-30,1600-2000,0.0
2015-06-30,2000-0000,0.08
2015-07-01,0000-0400,1.85
2015-07-01,0400-0800,0.01
2015-07-01,0800-1200,0.0
2015-07-01,1200-1600,0.0
2015-07-01,1600-2000,0.0
2015-07-01,2000-0000,0.0
2015-07-02,0000-0400,0.0
2015-07-02,0400-0800,0.0
2015-07-02,0800-1200,0.0
2015-07-02,1200-1600,0.0
2015-07-02,1600-2000,0.0
2015-07-02,2000-0000,0.0
2015-07-03,0000-0400,0.0
2015-07-03,0400-0800,0.0
2015-07-03,0800-1200,0.0
2015-07-03,1200-1600,0.0
2015-07-03,1600-2000,0.0
2015-07-03,2000-0000,0.0
2015-07-04,0000-0400,0.0
2015-07-04,0400-0800,0.0
2015-07-04,0800-1200,0.0
2015-07-04,1200-1600,0.0
2015-07-04,1600-2000,0.0
2015-07-04,2000-0000,0.0
2015-07-05,0000-0400,0.0
2015-07-05,0400-0800,0.0
2015-07-05,0800-1200,0.0
2015-07-05,1200-1600,0.0
2015-07-05,1600-2000,0.0
2015-07-05,2000-0000,0.0
2015-07-06,0000-0400,0.0
2015-07-06,0400-0800,0.0
2015-07-06,0800-1200,0.0
2015-07-06,1200-1600,0.0
2015-07-06,1600-2000,0.0
2015-07-06,2000-0000,0.0
2015-07-07,0000-0400,0.0
2015-07-07,0400-0800,0.0
2015-07-07,0800-1200,0.0
2015-07-07,1200-1600,0.05
2015-07-07,1600-2000,0.39
2015-07-07,2000-0000,0.0
2015-07-08,0000-0400,0.0
2015-07-08,0400-0800,0.0
2015-07-08,0800-1200,0.0
2015-07-08,1200-1600,0.0
2015-07-08,1600-2000,0.0
2015-07-08,2000-0000,0.0
2015-07-09,0000-0400,0.0
2015-07-09,0400-0800,0.01
2015-07-09,0800-1200,0.0
2015-07-09,1200-1600,0.0
2015-07-09,1600-2000,0.14
2015-07-09,2000-0000,0.53
2015-07-10,0000-0400,0.0
2015-07-10,0400-0800,0.0
2015-07-10,0800-1200,0.0
2015-07-10,1200-1600,0.0
2015-07-10,1600-2000,0.0
2015-07-10,2000-0000,0.0
2015-07-11,0000-0400,0.0
2015-07-11,0400-0800,0.0
2015-07-11,0800-1200,0.0
2015-07-11,1200-1600,0.0
2015-07-11,1600-2000,0.0
2015-07-11,2000-0000,0.0
2015-07-12,0000-0400,0.0
2015-07-12,0400-0800,0.0
2015-07-12,0800-1200,0.0
2015-07-12,1200-1600,0.0
2015-07-12,1600-2000,0.0
2015-07-12,2000-0000,0.0
2015-07-13,0000-0400,0.0
2015-07-13,0400-0800,0.0
2015-07-13,0800-1200,0.0
2015-07-13,1200-1600,0.0
2015-07-13,1600-2000,0.0
2015-07-13,2000-0000,0.0
2015-07-14,0000-0400,0.0
2015-07-14,0400-0800,0.0
2015-07-14,0800-1200,0.02
2015-07-14,1200-1600,2.2
2015-07-14,1600-2000,0.0
2015-07-14,2000-0000,0.0
2015-07-15,0000-0400,0.0
2015-07-15,0400-0800,0.0
2015-07-15,0800-1200,0.48
2015-07-15,1200-1600,0.0
2015-07-15,1600-2000,0.0
2015-07-15,2000-0000,0.0
2015-07-16,0000-0400,0.0
2015-07-16,0400-0800,0.0
2015-07-16,0800-1200,0.0
2015-07-16,1200-1600,0.0
2015-07-16,1600-2000,0.0
2015-07-16,2000-0000,0.0
2015-07-17,0000-0400,0.0
2015-07-17,0400-0800,0.0
2015-07-17,0800-1200,0.0
2015-07-17,1200-1600,0.0
2015-07-17,1600-2000,0.0
2015-07-17,2000-0000,0.0
2015-07-18,0000-0400,0.0
2015-07-18,0400-0800,0.31
2015-07-18,0800-1200,0.29000000000000004
2015-07-18,1200-1600,0.0
2015-07-18,1600-2000,0.0
2015-07-18,2000-0000,0.0
2015-07-19,0000-0400,0.0
2015-07-19,0400-0800,0.0
2015-07-19,0800-1200,0.0
2015-07-19,1200-1600,0.0
2015-07-19,1600-2000,0.0
2015-07-19,2000-0000,0.0
2015-07-20,0000-0400,0.0
2015-07-20,0400-0800,0.0
2015-07-20,0800-1200,0.0
2015-07-20,1200-1600,0.0
2015-07-20,1600-2000,0.0
2015-07-20,2000-0000,0.0
2015-07-21,0000-0400,0.0
2015-07-21,0400-0800,0.0
2015-07-21,0800-1200,0.0
2015-07-21,1200-1600,0.0
2015-07-21,1600-2000,0.0
2015-07-21,2000-0000,0.0
2015-07-22,0000-0400,0.0
2015-07-22,0400-0800,0.0
2015-07-22,0800-1200,0.0
2015-07-22,1200-1600,0.0
2015-07-22,1600-2000,0.0
2015-07-22,2000-0000,0.0
2015-07-23,0000-0400,0.0
2015-07-23,0400-0800,0.0
2015-07-23,0800-1200,0.0
2015-07-23,1200-1600,0.0
2015-07-23,1600-2000,0.0
2015-07-23,2000-0000,0.0
2015-07-24,0000-0400,0.0
2015-07-24,0400-0800,0.0
2015-07-24,0800-1200,0.0
2015-07-24,1200-1600,0.0
2015-07-24,1600-2000,0.0
2015-07-24,2000-0000,0.0
2015-07-25,0000-0400,0.0
2015-07-25,0400-0800,0.0
2015-07-25,0800-1200,0.0
2015-07-25,1200-1600,0.0
2015-07-25,1600-2000,0.0
2015-07-25,2000-0000,0.0
2015-07-26,0000-0400,0.0
2015-07-26,0400-0800,0.0
2015-07-26,0800-1200,0.0
2015-07-26,1200-1600,0.0
2015-07-26,1600-2000,0.0
2015-07-26,2000-0000,0.0
2015-07-27,0000-0400,0.72
2015-07-27,0400-0800,0.0
2015-07-27,0800-1200,0.0
2015-07-27,1200-1600,0.0
2015-07-27,1600-2000,0.0
2015-07-27,2000-0000,0.0
2015-07-28,0000-0400,0.0
2015-07-28,0400-0800,0.0
2015-07-28,0800-1200,0.0
2015-07-28,1200-1600,0.0
2015-07-28,1600-2000,0.0
2015-07-28,2000-0000,0.0
2015-07-29,0000-0400,0.0
2015-07-29,0400-0800,0.0
2015-07-29,0800-1200,0.0
2015-07-29,1200-1600,0.0
2015-07-29,1600-2000,0.0
2015-07-29,2000-0000,0.0
2015-07-30,0000-0400,0.0
2015-07-30,0400-0800,0.01
2015-07-30,0800-1200,0.09
2015-07-30,1200-1600,3.7199999999999993
2015-07-30,1600-2000,0.19
2015-07-30,2000-0000,0.0
2015-07-31,0000-0400,0.0
2015-07-31,0400-0800,0.0
2015-07-31,0800-1200,0.0
2015-07-31,1200-1600,0.0
2015-07-31,1600-2000,0.0
2015-07-31,2000-0000,0.0
2015-08-01,0000-0400,0.0
2015-08-01,0400-0800,0.0
2015-08-01,0800-1200,0.0
2015-08-01,1200-1600,0.0
2015-08-01,1600-2000,0.0
2015-08-01,2000-0000,0.0
2015-08-02,0000-0400,0.0
2015-08-02,0400-0800,0.0
2015-08-02,0800-1200,0.0
2015-08-02,1200-1600,0.0
2015-08-02,1600-2000,0.0
2015-08-02,2000-0000,0.0
2015-08-03,0000-0400,0.0
2015-08-03,0400-0800,0.0
2015-08-03,0800-1200,0.0
2015-08-03,1200-1600,0.0
2015-08-03,1600-2000,0.0
2015-08-03,2000-0000,0.0
2015-08-04,0000-0400,1.89
2015-08-04,0400-0800,0.0
2015-08-04,0800-1200,0.0
2015-08-04,1200-1600,0.0
2015-08-04,1600-2000,0.0
2015-08-04,2000-0000,0.0
2015-08-05,0000-0400,0.0
2015-08-05,0400-0800,0.0
2015-08-05,0800-1200,0.0
2015-08-05,1200-1600,0.0
2015-08-05,1600-2000,0.0
2015-08-05,2000-0000,0.0
2015-08-06,0000-0400,0.0
2015-08-06,0400-0800,0.0
2015-08-06,0800-1200,0.0
2015-08-06,1200-1600,0.0
2015-08-06,1600-2000,0.0
2015-08-06,2000-0000,0.0
2015-08-07,0000-0400,0.0
2015-08-07,0400-0800,0.0
2015-08-07,0800-1200,0.0
2015-08-07,1200-1600,0.0
2015-08-07,1600-2000,0.0
2015-08-07,2000-0000,0.0
2015-08-08,0000-0400,0.0
2015-08-08,0400-0800,0.0
2015-08-08,0800-1200,0.0
2015-08-08,1200-1600,0.0
2015-08-08,1600-2000,0.0
2015-08-08,2000-0000,0.0
2015-08-09,0000-0400,0.0
2015-08-09,0400-0800,0.0
2015-08-09,0800-1200,0.0
2015-08-09,1200-1600,0.0
2015-08-09,1600-2000,0.0
2015-08-09,2000-0000,0.0
2015-08-10,0000-0400,0.0
2015-08-10,0400-0800,0.0
2015-08-10,0800-1200,0.0
2015-08-10,1200-1600,0.0
2015-08-10,1600-2000,0.0
2015-08-10,2000-0000,0.0
2015-08-11,0000-0400,0.0
2015-08-11,0400-0800,3.2799999999999994
2015-08-11,0800-1200,0.7799999999999999
2015-08-11,1200-1600,0.0
2015-08-11,1600-2000,0.0
2015-08-11,2000-0000,0.0
2015-08-12,0000-0400,0.0
2015-08-12,0400-0800,0.0
2015-08-12,0800-1200,0.0
2015-08-12,1200-1600,0.0
2015-08-12,1600-2000,0.0
2015-08-12,2000-0000,0.0
2015-08-13,0000-0400,0.0
2015-08-13,0400-0800,0.0
2015-08-13,0800-1200,0.0
2015-08-13,1200-1600,0.0
2015-08-13,1600-2000,0.0
2015-08-13,2000-0000,0.0
2015-08-14,0000-0400,0.0
2015-08-14,0400-0800,0.0
2015-08-14,0800-1200,0.0
2015-08-14,1200-1600,0.0
2015-08-14,1600-2000,0.0
2015-08-14,2000-0000,0.0
2015-08-15,0000-0400,0.0
2015-08-15,0400-0800,0.0
2015-08-15,0800-1200,0.0
2015-08-15,1200-1600,0.0
2015-08-15,1600-2000,0.0
2015-08-15,2000-0000,0.0
2015-08-16,0000-0400,0.0
2015-08-16,0400-0800,0.0
2015-08-16,0800-1200,0.0
2015-08-16,1200-1600,0.0
2015-08-16,1600-2000,0.0
2015-08-16,2000-0000,0.0
2015-08-17,0000-0400,0.0
2015-08-17,0400-0800,0.0
2015-08-17,0800-1200,0.0
2015-08-17,1200-1600,0.0
2015-08-17,1600-2000,0.0
2015-08-17,2000-0000,0.0
2015-08-18,0000-0400,0.09
2015-08-18,0400-0800,0.42000000000000004
2015-08-18,0800-1200,0.0
2015-08-18,1200-1600,0.0
2015-08-18,1600-2000,0.0
2015-08-18,2000-0000,0.0
2015-08-19,0000-0400,0.0
2015-08-19,0400-0800,0.0
2015-08-19,0800-1200,0.0
2015-08-19,1200-1600,0.0
2015-08-19,1600-2000,0.0
2015-08-19,2000-0000,0.0
2015-08-20,0000-0400,0.0
2015-08-20,0400-0800,0.0
2015-08-20,0800-1200,0.0
2015-08-20,1200-1600,0.0
2015-08-20,1600-2000,0.0
2015-08-20,2000-0000,0.01
2015-08-21,0000-0400,0.45999999999999996
2015-08-21,0400-0800,0.0
2015-08-21,0800-1200,0.0
2015-08-21,1200-1600,0.0
2015-08-21,1600-2000,0.0
2015-08-21,2000-0000,0.0
2015-08-22,0000-0400,0.0
2015-08-22,0400-0800,0.0
2015-08-22,0800-1200,0.0
2015-08-22,1200-1600,0.0
2015-08-22,1600-2000,0.0
2015-08-22,2000-0000,0.0
2015-08-23,0000-0400,0.0
2015-08-23,0400-0800,0.0
2015-08-23,0800-1200,0.0
2015-08-23,1200-1600,0.0
2015-08-23,1600-2000,0.0
2015-08-23,2000-0000,0.0
2015-08-24,0000-0400,0.0
2015-08-24,0400-0800,0.0
2015-08-24,0800-1200,0.0
2015-08-24,1200-1600,0.0
2015-08-24,1600-2000,0.0
2015-08-24,2000-0000,0.0
2015-08-25,0000-0400,0.0
2015-08-25,0400-0800,0.0
2015-08-25,0800-1200,0.0
2015-08-25,1200-1600,0.0
2015-08-25,1600-2000,0.0
2015-08-25,2000-0000,0.0
2015-08-26,0000-0400,0.0
2015-08-26,0400-0800,0.0
2015-08-26,0800-1200,0.0
2015-08-26,1200-1600,0.0
2015-08-26,1600-2000,0.0
2015-08-26,2000-0000,0.0
2015-08-27,0000-0400,0.0
2015-08-27,0400-0800,0.0
2015-08-27,0800-1200,0.0
2015-08-27,1200-1600,0.0
2015-08-27,1600-2000,0.0
2015-08-27,2000-0000,0.0
2015-08-28,0000-0400,0.0
2015-08-28,0400-0800,0.0
2015-08-28,0800-1200,0.0
2015-08-28,1200-1600,0.0
2015-08-28,1600-2000,0.0
2015-08-28,2000-0000,0.0
2015-08-29,0000-0400,0.0
2015-08-29,0400-0800,0.0
2015-08-29,0800-1200,0.0
2015-08-29,1200-1600,0.0
2015-08-29,1600-2000,0.0
2015-08-29,2000-0000,0.0
2015-08-30,0000-0400,0.0
2015-08-30,0400-0800,0.0
2015-08-30,0800-1200,0.0
2015-08-30,1200-1600,0.0
2015-08-30,1600-2000,0.0
2015-08-30,2000-0000,0.35000000000000003
2015-08-31,0000-0400,0.0
2015-08-31,0400-0800,0.0
2015-08-31,0800-1200,0.0
2015-08-31,1200-1600,0.0
2015-08-31,1600-2000,0.0
2015-08-31,2000-0000,0.0
2015-09-01,0000-0400,0.0
2015-09-01,0400-0800,0.0
2015-09-01,0800-1200,0.0
2015-09-01,1200-1600,0.0
2015-09-01,1600-2000,0.0
2015-09-01,2000-0000,0.0
2015-09-02,0000-0400,0.0
2015-09-02,0400-0800,0.0
2015-09-02,0800-1200,0.0
2015-09-02,1200-1600,0.0
2015-09-02,1600-2000,0.0
2015-09-02,2000-0000,0.0
2015-09-03,0000-0400,0.0
2015-09-03,0400-0800,0.0
2015-09-03,0800-1200,0.0
2015-09-03,1200-1600,0.0
2015-09-03,1600-2000,0.0
2015-09-03,2000-0000,0.0
2015-09-04,0000-0400,0.0
2015-09-04,0400-0800,0.0
2015-09-04,0800-1200,0.0
2015-09-04,1200-1600,0.0
2015-09-04,1600-2000,0.0
2015-09-04,2000-0000,0.0
2015-09-05,0000-0400,0.0
2015-09-05,0400-0800,0.0
2015-09-05,0800-1200,0.0
2015-09-05,1200-1600,0.0
2015-09-05,1600-2000,0.0
2015-09-05,2000-0000,0.0
2015-09-06,0000-0400,0.0
2015-09-06,0400-0800,0.0
2015-09-06,0800-1200,0.0
2015-09-06,1200-1600,0.0
2015-09-06,1600-2000,0.0
2015-09-06,2000-0000,0.0
2015-09-07,0000-0400,0.0
2015-09-07,0400-0800,0.0
2015-09-07,0800-1200,0.0
2015-09-07,1200-1600,0.0
2015-09-07,1600-2000,0.0
2015-09-07,2000-0000,0.0
2015-09-08,0000-0400,0.0
2015-09-08,0400-0800,0.0
2015-09-08,0800-1200,0.0
2015-09-08,1200-1600,0.0
2015-09-08,1600-2000,0.0
2015-09-08,2000-0000,0.0
2015-09-09,0000-0400,0.0
2015-09-09,0400-0800,0.0
2015-09-09,0800-1200,0.0
2015-09-09,1200-1600,0.0
2015-09-09,1600-2000,0.0
2015-09-09,2000-0000,0.0
2015-09-10,0000-0400,2.2300000000000004
2015-09-10,0400-0800,0.28
2015-09-10,0800-1200,0.060000000000000005
2015-09-10,1200-1600,0.06
2015-09-10,1600-2000,0.25
2015-09-10,2000-0000,0.36000000000000004
2015-09-11,0000-0400,0.0
2015-09-11,0400-0800,0.0
2015-09-11,0800-1200,0.0
2015-09-11,1200-1600,0.0
2015-09-11,1600-2000,0.0
2015-09-11,2000-0000,0.0
2015-09-12,0000-0400,0.0
2015-09-12,0400-0800,0.0
2015-09-12,0800-1200,0.0
2015-09-12,1200-1600,0.0
2015-09-12,1600-2000,0.81
2015-09-12,2000-0000,0.09
2015-09-13,0000-0400,0.0
2015-09-13,0400-0800,0.0
2015-09-13,0800-1200,0.0
2015-09-13,1200-1600,0.1
2015-09-13,1600-2000,0.0
2015-09-13,2000-0000,0.0
2015-09-14,0000-0400,0.0
2015-09-14,0400-0800,0.0
2015-09-14,0800-1200,0.0
2015-09-14,1200-1600,0.0
2015-09-14,1600-2000,0.0
2015-09-14,2000-0000,0.0
2015-09-15,0000-0400,0.0
2015-09-15,0400-0800,0.0
2015-09-15,0800-1200,0.0
2015-09-15,1200-1600,0.0
2015-09-15,1600-2000,0.0
2015-09-15,2000-0000,0.0
2015-09-16,0000-0400,0.0
2015-09-16,0400-0800,0.0
2015-09-16,0800-1200,0.0
2015-09-16,1200-1600,0.0
2015-09-16,1600-2000,0.0
2015-09-16,2000-0000,0.0
2015-09-17,0000-0400,0.0
2015-09-17,0400-0800,0.0
2015-09-17,0800-1200,0.0
2015-09-17,1200-1600,0.0
2015-09-17,1600-2000,0.0
2015-09-17,2000-0000,0.0
2015-09-18,0000-0400,0.0
2015-09-18,0400-0800,0.0
2015-09-18,0800-1200,0.0
2015-09-18,1200-1600,0.0
2015-09-18,1600-2000,0.0
2015-09-18,2000-0000,0.0
2015-09-19,0000-0400,0.0
2015-09-19,0400-0800,0.0
2015-09-19,0800-1200,0.0
2015-09-19,1200-1600,0.0
2015-09-19,1600-2000,0.0
2015-09-19,2000-0000,0.0
2015-09-20,0000-0400,0.0
2015-09-20,0400-0800,0.0
2015-09-20,0800-1200,0.0
2015-09-20,1200-1600,0.0
2015-09-20,1600-2000,0.0
2015-09-20,2000-0000,0.0
2015-09-21,0000-0400,0.0
2015-09-21,0400-0800,0.0
2015-09-21,0800-1200,0.0
2015-09-21,1200-1600,0.0
2015-09-21,1600-2000,0.0
2015-09-21,2000-0000,0.0
2015-09-22,0000-0400,0.0
2015-09-22,0400-0800,0.0
2015-09-22,0800-1200,0.0
2015-09-22,1200-1600,0.0
2015-09-22,1600-2000,0.0
2015-09-22,2000-0000,0.0
2015-09-23,0000-0400,0.0
2015-09-23,0400-0800,0.0
2015-09-23,0800-1200,0.0
2015-09-23,1200-1600,0.0
2015-09-23,1600-2000,0.0
2015-09-23,2000-0000,0.0
2015-09-24,0000-0400,0.0
2015-09-24,0400-0800,0.0
2015-09-24,0800-1200,0.0
2015-09-24,1200-1600,0.0
2015-09-24,1600-2000,0.0
2015-09-24,2000-0000,0.0
2015-09-25,0000-0400,0.0
2015-09-25,0400-0800,0.0
2015-09-25,0800-1200,0.0
2015-09-25,1200-1600,0.0
2015-09-25,1600-2000,0.0
2015-09-25,2000-0000,0.0
2015-09-26,0000-0400,0.0
2015-09-26,0400-0800,0.0
2015-09-26,0800-1200,0.0
2015-09-26,1200-1600,0.0
2015-09-26,1600-2000,0.0
2015-09-26,2000-0000,0.0
2015-09-27,0000-0400,0.0
2015-09-27,0400-0800,0.0
2015-09-27,0800-1200,0.0
2015-09-27,1200-1600,0.0
2015-09-27,1600-2000,0.0
2015-09-27,2000-0000,0.0
2015-09-28,0000-0400,0.0
2015-09-28,0400-0800,0.0
2015-09-28,0800-1200,0.0
2015-09-28,1200-1600,0.0
2015-09-28,1600-2000,0.0
2015-09-28,2000-0000,0.0
2015-09-29,0000-0400,0.0
2015-09-29,0400-0800,0.0
2015-09-29,0800-1200,0.0
2015-09-29,1200-1600,0.0
2015-09-29,1600-2000,0.0
2015-09-29,2000-0000,0.29000000000000004
2015-09-30,0000-0400,2.2099999999999995
2015-09-30,0400-0800,0.02
2015-09-30,0800-1200,0.11
2015-09-30,1200-1600,0.0
2015-09-30,1600-2000,0.0
2015-09-30,2000-0000,0.0
2015-10-01,0000-0400,0.0
2015-10-01,0400-0800,0.0
2015-10-01,0800-1200,0.0
2015-10-01,1200-1600,0.0
2015-10-01,1600-2000,0.09
2015-10-01,2000-0000,0.0
2015-10-02,0000-0400,0.03
2015-10-02,0400-0800,0.03
2015-10-02,0800-1200,0.06999999999999999
2015-10-02,1200-1600,0.55
2015-10-02,1600-2000,1.11
2015-10-02,2000-0000,0.11000000000000001
2015-10-03,0000-0400,0.5599999999999999
2015-10-03,0400-0800,0.04
2015-10-03,0800-1200,0.03
2015-10-03,1200-1600,0.0
2015-10-03,1600-2000,0.0
2015-10-03,2000-0000,0.0
2015-10-04,0000-0400,0.0
2015-10-04,0400-0800,0.0
2015-10-04,0800-1200,0.0
2015-10-04,1200-1600,0.0
2015-10-04,1600-2000,0.0
2015-10-04,2000-0000,0.0
2015-10-05,0000-0400,0.0
2015-10-05,0400-0800,0.0
2015-10-05,0800-1200,0.0
2015-10-05,1200-1600,0.0
2015-10-05,1600-2000,0.0
2015-10-05,2000-0000,0.0
2015-10-06,0000-0400,0.0
2015-10-06,0400-0800,0.0
2015-10-06,0800-1200,0.0
2015-10-06,1200-1600,0.0
2015-10-06,1600-2000,0.0
2015-10-06,2000-0000,0.0
2015-10-07,0000-0400,0.0
2015-10-07,0400-0800,0.0
2015-10-07,0800-1200,0.0
2015-10-07,1200-1600,0.0
2015-10-07,1600-2000,0.0
2015-10-07,2000-0000,0.0
2015-10-08,0000-0400,0.0
2015-10-08,0400-0800,0.0
2015-10-08,0800-1200,0.0
2015-10-08,1200-1600,0.0
2015-10-08,1600-2000,0.0
2015-10-08,2000-0000,0.0
2015-10-09,0000-0400,0.0
2015-10-09,0400-0800,0.0
2015-10-09,0800-1200,0.01
2015-10-09,1200-1600,0.11
2015-10-09,1600-2000,2.1499999999999995
2015-10-09,2000-0000,0.0
2015-10-10,0000-0400,0.0
2015-10-10,0400-0800,0.0
2015-10-10,0800-1200,0.0
2015-10-10,1200-1600,0.0
2015-10-10,1600-2000,0.0
2015-10-10,2000-0000,0.0
2015-10-11,0000-0400,0.0
2015-10-11,0400-0800,0.0
2015-10-11,0800-1200,0.0
2015-10-11,1200-1600,0.0
2015-10-11,1600-2000,0.0
2015-10-11,2000-0000,0.0
2015-10-12,0000-0400,0.0
2015-10-12,0400-0800,0.0
2015-10-12,0800-1200,0.0
2015-10-12,1200-1600,0.0
2015-10-12,1600-2000,0.0
2015-10-12,2000-0000,0.0
2015-10-13,0000-0400,0.0
2015-10-13,0400-0800,0.01
2015-10-13,0800-1200,0.0
2015-10-13,1200-1600,0.0
2015-10-13,1600-2000,0.0
2015-10-13,2000-0000,0.0
2015-10-14,0000-0400,0.0
2015-10-14,0400-0800,0.0
2015-10-14,0800-1200,0.0
2015-10-14,1200-1600,0.0
2015-10-14,1600-2000,0.0
2015-10-14,2000-0000,0.0
2015-10-15,0000-0400,0.0
2015-10-15,0400-0800,0.0
2015-10-15,0800-1200,0.0
2015-10-15,1200-1600,0.0
2015-10-15,1600-2000,0.0
2015-10-15,2000-0000,0.0
2015-10-16,0000-0400,0.0
2015-10-16,0400-0800,0.0
2015-10-16,0800-1200,0.0
2015-10-16,1200-1600,0.0
2015-10-16,1600-2000,0.0
2015-10-16,2000-0000,0.0
2015-10-17,0000-0400,0.0
2015-10-17,0400-0800,0.0
2015-10-17,0800-1200,0.0
2015-10-17,1200-1600,0.0
2015-10-17,1600-2000,0.0
2015-10-17,2000-0000,0.0
2015-10-18,0000-0400,0.0
2015-10-18,0400-0800,0.0
2015-10-18,0800-1200,0.0
2015-10-18,1200-1600,0.0
2015-10-18,1600-2000,0.0
2015-10-18,2000-0000,0.0
2015-10-19,0000-0400,0.0
2015-10-19,0400-0800,0.0
2015-10-19,0800-1200,0.0
2015-10-19,1200-1600,0.0
2015-10-19,1600-2000,0.0
2015-10-19,2000-0000,0.0
2015-10-20,0000-0400,0.0
2015-10-20,0400-0800,0.0
2015-10-20,0800-1200,0.0
2015-10-20,1200-1600,0.0
2015-10-20,1600-2000,0.0
2015-10-20,2000-0000,0.0
2015-10-21,0000-0400,0.0
2015-10-21,0400-0800,0.0
2015-10-21,0800-1200,0.0
2015-10-21,1200-1600,0.0
2015-10-21,1600-2000,0.0
2015-10-21,2000-0000,0.0
2015-10-22,0000-0400,0.0
2015-10-22,0400-0800,0.0
2015-10-22,0800-1200,0.0
2015-10-22,1200-1600,0.0
2015-10-22,1600-2000,0.0
2015-10-22,2000-0000,0.0
2015-10-23,0000-0400,0.0
2015-10-23,0400-0800,0.0
2015-10-23,0800-1200,0.0
2015-10-23,1200-1600,0.0
2015-10-23,1600-2000,0.0
2015-10-23,2000-0000,0.0
2015-10-24,0000-0400,0.0
2015-10-24,0400-0800,0.0
2015-10-24,0800-1200,0.0
2015-10-24,1200-1600,0.0
2015-10-24,1600-2000,0.0
2015-10-24,2000-0000,0.0
2015-10-25,0000-0400,0.0
2015-10-25,0400-0800,0.04
2015-10-25,0800-1200,0.1
2015-10-25,1200-1600,0.0
2015-10-25,1600-2000,0.0
2015-10-25,2000-0000,0.0
2015-10-26,0000-0400,0.0
2015-10-26,0400-0800,0.0
2015-10-26,0800-1200,0.0
2015-10-26,1200-1600,0.0
2015-10-26,1600-2000,0.0
2015-10-26,2000-0000,0.0
2015-10-27,0000-0400,0.0
2015-10-27,0400-0800,0.0
2015-10-27,0800-1200,0.0
2015-10-27,1200-1600,0.0
2015-10-27,1600-2000,0.0
2015-10-27,2000-0000,0.0
2015-10-28,0000-0400,0.0
2015-10-28,0400-0800,0.0
2015-10-28,0800-1200,0.15000000000000002
2015-10-28,1200-1600,1.1
2015-10-28,1600-2000,0.7600000000000001
2015-10-28,2000-0000,0.9
2015-10-29,0000-0400,0.03
2015-10-29,0400-0800,0.01
2015-10-29,0800-1200,0.0
2015-10-29,1200-1600,0.0
2015-10-29,1600-2000,0.0
2015-10-29,2000-0000,0.0
2015-10-30,0000-0400,0.0
2015-10-30,0400-0800,0.0
2015-10-30,0800-1200,0.0
2015-10-30,1200-1600,0.0
2015-10-30,1600-2000,0.0
2015-10-30,2000-0000,0.0
2015-10-31,0000-0400,0.0
2015-10-31,0400-0800,0.0
2015-10-31,0800-1200,0.0
2015-10-31,1200-1600,0.0
2015-10-31,1600-2000,0.0
2015-10-31,2000-0000,0.0
2015-11-01,0000-0400,0.0
2015-11-01,0400-0800,0.0
2015-11-01,0800-1200,0.0
2015-11-01,1200-1600,0.0
2015-11-01,1600-2000,0.0
2015-11-01,2000-0000,0.0
2015-11-02,0000-0400,0.0
2015-11-02,0400-0800,0.0
2015-11-02,0800-1200,0.0
2015-11-02,1200-1600,0.0
2015-11-02,1600-2000,0.0
2015-11-02,2000-0000,0.0
2015-11-03,0000-0400,0.0
2015-11-03,0400-0800,0.0
2015-11-03,0800-1200,0.0
2015-11-03,1200-1600,0.0
2015-11-03,1600-2000,0.0
2015-11-03,2000-0000,0.0
2015-11-04,0000-0400,0.0
2015-11-04,0400-0800,0.0
2015-11-04,0800-1200,0.0
2015-11-04,1200-1600,0.0
2015-11-04,1600-2000,0.0
2015-11-04,2000-0000,0.0
2015-11-05,0000-0400,0.0
2015-11-05,0400-0800,0.0
2015-11-05,0800-1200,0.03
2015-11-05,1200-1600,0.0
2015-11-05,1600-2000,0.0
2015-11-05,2000-0000,0.0
2015-11-06,0000-0400,0.0
2015-11-06,0400-0800,0.0
2015-11-06,0800-1200,0.0
2015-11-06,1200-1600,0.0
2015-11-06,1600-2000,0.0
2015-11-06,2000-0000,0.0
2015-11-07,0000-0400,0.0
2015-11-07,0400-0800,0.0
2015-11-07,0800-1200,0.0
2015-11-07,1200-1600,0.0
2015-11-07,1600-2000,0.0
2015-11-07,2000-0000,0.0
2015-11-08,0000-0400,0.0
2015-11-08,0400-0800,0.0
2015-11-08,0800-1200,0.0
2015-11-08,1200-1600,0.0
2015-11-08,1600-2000,0.0
2015-11-08,2000-0000,0.0
2015-11-09,0000-0400,0.0
2015-11-09,0400-0800,0.0
2015-11-09,0800-1200,0.0
2015-11-09,1200-1600,0.0
2015-11-09,1600-2000,0.0
2015-11-09,2000-0000,0.0
2015-11-10,0000-0400,0.0
2015-11-10,0400-0800,0.0
2015-11-10,0800-1200,0.22000000000000003
2015-11-10,1200-1600,0.09
2015-11-10,1600-2000,0.03
2015-11-10,2000-0000,0.13999999999999999
2015-11-11,0000-0400,0.85
2015-11-11,0400-0800,0.1
2015-11-11,0800-1200,0.0
2015-11-11,1200-1600,0.0
2015-11-11,1600-2000,0.0
2015-11-11,2000-0000,0.0
2015-11-12,0000-0400,0.0
2015-11-12,0400-0800,0.0
2015-11-12,0800-1200,0.01
2015-11-12,1200-1600,0.0
2015-11-12,1600-2000,0.0
2015-11-12,2000-0000,0.0
2015-11-13,0000-0400,0.0
2015-11-13,0400-0800,0.0
2015-11-13,0800-1200,0.0
2015-11-13,1200-1600,0.0
2015-11-13,1600-2000,0.0
2015-11-13,2000-0000,0.0
2015-11-14,0000-0400,0.0
2015-11-14,0400-0800,0.0
2015-11-14,0800-1200,0.0
2015-11-14,1200-1600,0.0
2015-11-14,1600-2000,0.0
2015-11-14,2000-0000,0.0
2015-11-15,0000-0400,0.0
2015-11-15,0400-0800,0.0
2015-11-15,0800-1200,0.0
2015-11-15,1200-1600,0.0
2015-11-15,1600-2000,0.0
2015-11-15,2000-0000,0.0
2015-11-16,0000-0400,0.0
2015-11-16,0400-0800,0.0
2015-11-16,0800-1200,0.0
2015-11-16,1200-1600,0.0
2015-11-16,1600-2000,0.0
2015-11-16,2000-0000,0.0
2015-11-17,0000-0400,0.0
2015-11-17,0400-0800,0.0
2015-11-17,0800-1200,0.0
2015-11-17,1200-1600,0.0
2015-11-17,1600-2000,0.0
2015-11-17,2000-0000,0.0
2015-11-18,0000-0400,0.0
2015-11-18,0400-0800,0.0
2015-11-18,0800-1200,0.0
2015-11-18,1200-1600,0.0
2015-11-18,1600-2000,0.0
2015-11-18,2000-0000,0.0
2015-11-19,0000-0400,0.0
2015-11-19,0400-0800,0.0
2015-11-19,0800-1200,0.0
2015-11-19,1200-1600,0.03
2015-11-19,1600-2000,1.18
2015-11-19,2000-0000,1.2300000000000002
2015-11-20,0000-0400,0.0
2015-11-20,0400-0800,0.0
2015-11-20,0800-1200,0.0
2015-11-20,1200-1600,0.0
2015-11-20,1600-2000,0.0
2015-11-20,2000-0000,0.0
2015-11-21,0000-0400,0.0
2015-11-21,0400-0800,0.0
2015-11-21,0800-1200,0.0
2015-11-21,1200-1600,0.0
2015-11-21,1600-2000,0.0
2015-11-21,2000-0000,0.0
2015-11-22,0000-0400,0.06
2015-11-22,0400-0800,0.0
2015-11-22,0800-1200,0.0
2015-11-22,1200-1600,0.0
2015-11-22,1600-2000,0.0
2015-11-22,2000-0000,0.0
2015-11-23,0000-0400,0.0
2015-11-23,0400-0800,0.0
2015-11-23,0800-1200,0.0
2015-11-23,1200-1600,0.0
2015-11-23,1600-2000,0.0
2015-11-23,2000-0000,0.0
2015-11-24,0000-0400,0.0
2015-11-24,0400-0800,0.0
2015-11-24,0800-1200,0.0
2015-11-24,1200-1600,0.0
2015-11-24,1600-2000,0.0
2015-11-24,2000-0000,0.0
2015-11-25,0000-0400,0.0
2015-11-25,0400-0800,0.0
2015-11-25,0800-1200,0.0
2015-11-25,1200-1600,0.0
2015-11-25,1600-2000,0.0
2015-11-25,2000-0000,0.0
2015-11-26,0000-0400,0.0
2015-11-26,0400-0800,0.0
2015-11-26,0800-1200,0.0
2015-11-26,1200-1600,0.0
2015-11-26,1600-2000,0.0
2015-11-26,2000-0000,0.0
2015-11-27,0000-0400,0.0
2015-11-27,0400-0800,0.0
2015-11-27,0800-1200,0.0
2015-11-27,1200-1600,0.0
2015-11-27,1600-2000,0.0
2015-11-27,2000-0000,0.0
2015-11-28,0000-0400,0.0
2015-11-28,0400-0800,0.0
2015-11-28,0800-1200,0.0
2015-11-28,1200-1600,0.0
2015-11-28,1600-2000,0.0
2015-11-28,2000-0000,0.0
2015-11-29,0000-0400,0.0
2015-11-29,0400-0800,0.0
2015-11-29,0800-1200,0.0
2015-11-29,1200-1600,0.0
2015-11-29,1600-2000,0.0
2015-11-29,2000-0000,0.0
2015-11-30,0000-0400,0.0
2015-11-30,0400-0800,0.0
2015-11-30,0800-1200,0.0
2015-11-30,1200-1600,0.0
2015-11-30,1600-2000,0.0
2015-11-30,2000-0000,0.0
2015-12-01,0000-0400,0.1
2015-12-01,0400-0800,0.12
2015-12-01,0800-1200,0.0
2015-12-01,1200-1600,0.05
2015-12-01,1600-2000,0.07
2015-12-01,2000-0000,0.06
2015-12-02,0000-0400,0.0
2015-12-02,0400-0800,0.04
2015-12-02,0800-1200,0.05
2015-12-02,1200-1600,0.02
2015-12-02,1600-2000,0.04
2015-12-02,2000-0000,0.0
2015-12-03,0000-0400,0.0
2015-12-03,0400-0800,0.0
2015-12-03,0800-1200,0.0
2015-12-03,1200-1600,0.0
2015-12-03,1600-2000,0.0
2015-12-03,2000-0000,0.0
2015-12-04,0000-0400,0.0
2015-12-04,0400-0800,0.0
2015-12-04,0800-1200,0.0
2015-12-04,1200-1600,0.0
2015-12-04,1600-2000,0.0
2015-12-04,2000-0000,0.0
2015-12-05,0000-0400,0.0
2015-12-05,0400-0800,0.0
2015-12-05,0800-1200,0.0
2015-12-05,1200-1600,0.0
2015-12-05,1600-2000,0.0
2015-12-05,2000-0000,0.0
2015-12-06,0000-0400,0.0
2015-12-06,0400-0800,0.0
2015-12-06,0800-1200,0.0
2015-12-06,1200-1600,0.0
2015-12-06,1600-2000,0.0
2015-12-06,2000-0000,0.0
2015-12-07,0000-0400,0.0
2015-12-07,0400-0800,0.0
2015-12-07,0800-1200,0.0
2015-12-07,1200-1600,0.0
2015-12-07,1600-2000,0.0
2015-12-07,2000-0000,0.0
2015-12-08,0000-0400,0.0
2015-12-08,0400-0800,0.0
2015-12-08,0800-1200,0.0
2015-12-08,1200-1600,0.0
2015-12-08,1600-2000,0.0
2015-12-08,2000-0000,0.0
2015-12-09,0000-0400,0.0
2015-12-09,0400-0800,0.0
2015-12-09,0800-1200,0.0
2015-12-09,1200-1600,0.0
2015-12-09,1600-2000,0.0
2015-12-09,2000-0000,0.0
2015-12-10,0000-0400,0.0
2015-12-10,0400-0800,0.0
2015-12-10,0800-1200,0.0
2015-12-10,1200-1600,0.0
2015-12-10,1600-2000,0.0
2015-12-10,2000-0000,0.0
2015-12-11,0000-0400,0.0
2015-12-11,0400-0800,0.0
2015-12-11,0800-1200,0.0
2015-12-11,1200-1600,0.0
2015-12-11,1600-2000,0.0
2015-12-11,2000-0000,0.0
2015-12-12,0000-0400,0.0
2015-12-12,0400-0800,0.0
2015-12-12,0800-1200,0.0
2015-12-12,1200-1600,0.0
2015-12-12,1600-2000,0.0
2015-12-12,2000-0000,0.0
2015-12-13,0000-0400,0.0
2015-12-13,0400-0800,0.0
2015-12-13,0800-1200,0.0
2015-12-13,1200-1600,0.0
2015-12-13,1600-2000,0.0
2015-12-13,2000-0000,0.0
2015-12-14,0000-0400,0.0
2015-12-14,0400-0800,0.0
2015-12-14,0800-1200,0.0
2015-12-14,1200-1600,0.0
2015-12-14,1600-2000,0.31
2015-12-14,2000-0000,0.31
2015-12-15,0000-0400,0.18
2015-12-15,0400-0800,0.0
2015-12-15,0800-1200,0.0
2015-12-15,1200-1600,0.0
2015-12-15,1600-2000,0.0
2015-12-15,2000-0000,0.0
2015-12-16,0000-0400,0.0
2015-12-16,0400-0800,0.0
2015-12-16,0800-1200,0.0
2015-12-16,1200-1600,0.0
2015-12-16,1600-2000,0.0
2015-12-16,2000-0000,0.09
2015-12-17,0000-0400,0.0
2015-12-17,0400-0800,0.0
2015-12-17,0800-1200,0.27
2015-12-17,1200-1600,1.54
2015-12-17,1600-2000,0.67
2015-12-17,2000-0000,0.0
2015-12-18,0000-0400,0.0
2015-12-18,0400-0800,0.0
2015-12-18,0800-1200,0.0
2015-12-18,1200-1600,0.0
2015-12-18,1600-2000,0.0
2015-12-18,2000-0000,0.0
2015-12-19,0000-0400,0.0
2015-12-19,0400-0800,0.0
2015-12-19,0800-1200,0.0
2015-12-19,1200-1600,0.0
2015-12-19,1600-2000,0.0
2015-12-19,2000-0000,0.0
2015-12-20,0000-0400,0.0
2015-12-20,0400-0800,0.0
2015-12-20,0800-1200,0.0
2015-12-20,1200-1600,0.0
2015-12-20,1600-2000,0.0
2015-12-20,2000-0000,0.0
2015-12-21,0000-0400,0.0
2015-12-21,0400-0800,0.0
2015-12-21,0800-1200,0.0
2015-12-21,1200-1600,0.0
2015-12-21,1600-2000,0.0
2015-12-21,2000-0000,0.0
2015-12-22,0000-0400,0.0
2015-12-22,0400-0800,0.0
2015-12-22,0800-1200,0.39
2015-12-22,1200-1600,0.03
2015-12-22,1600-2000,0.0
2015-12-22,2000-0000,0.0
2015-12-23,0000-0400,0.0
2015-12-23,0400-0800,0.0
2015-12-23,0800-1200,0.0
2015-12-23,1200-1600,0.22
2015-12-23,1600-2000,2.9699999999999998
2015-12-23,2000-0000,1.5300000000000005
2015-12-24,0000-0400,0.02
2015-12-24,0400-0800,0.0
2015-12-24,0800-1200,0.0
2015-12-24,1200-1600,0.0
2015-12-24,1600-2000,0.0
2015-12-24,2000-0000,0.0
2015-12-25,0000-0400,0.0
2015-12-25,0400-0800,0.0
2015-12-25,0800-1200,0.0
2015-12-25,1200-1600,0.0
2015-12-25,1600-2000,0.01
2015-12-25,2000-0000,0.0
2015-12-26,0000-0400,0.0
2015-12-26,0400-0800,0.0
2015-12-26,0800-1200,0.0
2015-12-26,1200-1600,0.0
2015-12-26,1600-2000,0.0
2015-12-26,2000-0000,0.0
2015-12-27,0000-0400,0.15
2015-12-27,0400-0800,0.0
2015-12-27,0800-1200,0.0
2015-12-27,1200-1600,0.0
2015-12-27,1600-2000,0.0
2015-12-27,2000-0000,0.02
2015-12-28,0000-0400,0.0
2015-12-28,0400-0800,0.0
2015-12-28,0800-1200,0.0
2015-12-28,1200-1600,0.0
2015-12-28,1600-2000,0.03
2015-12-28,2000-0000,0.0
2015-12-29,0000-0400,0.16999999999999998
2015-12-29,0400-0800,0.51
2015-12-29,0800-1200,0.23999999999999996
2015-12-29,1200-1600,0.01
2015-12-29,1600-2000,0.0
2015-12-29,2000-0000,0.0
2015-12-30,0000-0400,0.0
2015-12-30,0400-0800,0.0
2015-12-30,0800-1200,0.0
2015-12-30,1200-1600,0.0
2015-12-30,1600-2000,0.0
2015-12-30,2000-0000,0.29
