date,hour_interval,mean_temp
2015-01-01,0000-0400,27.5
2015-01-01,0400-0800,27.0
2015-01-01,0800-1200,30.5
2015-01-01,1200-1600,37.25
2015-01-01,1600-2000,38.75
2015-01-01,2000-0000,30.2
2015-01-02,0000-0400,37.25
2015-01-02,0400-0800,36.0
2015-01-02,0800-1200,39.5
2015-01-02,1200-1600,41.75
2015-01-02,1600-2000,39.75
2015-01-02,2000-0000,29.2
2015-01-03,0000-0400,34.75
2015-01-03,0400-0800,34.0
2015-01-03,0800-1200,36.714285714285715
2015-01-03,1200-1600,34.9375
2015-01-03,1600-2000,36.733333333333334
2015-01-03,2000-0000,37.642857142857146
2015-01-04,0000-0400,42.46153846153846
2015-01-04,0400-0800,43.18181818181818
2015-01-04,0800-1200,46.57142857142857
2015-01-04,1200-1600,51.111111111111114
2015-01-04,1600-2000,54.833333333333336
2015-01-04,2000-0000,43.166666666666664
2015-01-05,0000-0400,45.0
2015-01-05,0400-0800,40.75
2015-01-05,0800-1200,37.25
2015-01-05,1200-1600,34.75
2015-01-05,1600-2000,29.5
2015-01-05,2000-0000,18.4
2015-01-06,0000-0400,20.25
2015-01-06,0400-0800,19.75
2015-01-06,0800-1200,19.5
2015-01-06,1200-1600,21.0
2015-01-06,1600-2000,21.0
2015-01-06,2000-0000,16.6
2015-01-07,0000-0400,20.25
2015-01-07,0400-0800,21.25
2015-01-07,0800-1200,22.25
2015-01-07,1200-1600,22.0
2015-01-07,1600-2000,15.75
2015-01-07,2000-0000,8.0
2015-01-08,0000-0400,8.25
2015-01-08,0400-0800,8.75
2015-01-08,0800-1200,14.5
2015-01-08,1200-1600,20.0
2015-01-08,1600-2000,18.0
2015-01-08,2000-0000,14.0
2015-01-09,0000-0400,22.25
2015-01-09,0400-0800,23.8
2015-01-09,0800-1200,24.333333333333332
2015-01-09,1200-1600,32.0
2015-01-09,1600-2000,30.25
2015-01-09,2000-0000,20.2
2015-01-10,0000-0400,21.25
2015-01-10,0400-0800,17.5
2015-01-10,0800-1200,17.5
2015-01-10,1200-1600,22.0
2015-01-10,1600-2000,20.75
2015-01-10,2000-0000,15.4
2015-01-11,0000-0400,19.25
2015-01-11,0400-0800,21.25
2015-01-11,0800-1200,27.25
2015-01-11,1200-1600,34.25
2015-01-11,1600-2000,37.0
2015-01-11,2000-0000,29.6
2015-01-12,0000-0400,36.75
2015-01-12,0400-0800,36.6
2015-01-12,0800-1200,36.22222222222222
2015-01-12,1200-1600,37.26315789473684
2015-01-12,1600-2000,37.7
2015-01-12,2000-0000,30.833333333333332
2015-01-13,0000-0400,35.714285714285715
2015-01-13,0400-0800,31.333333333333332
2015-01-13,0800-1200,25.0
2015-01-13,1200-1600,23.5
2015-01-13,1600-2000,19.75
2015-01-13,2000-0000,14.2
2015-01-14,0000-0400,17.25
2015-01-14,0400-0800,18.375
2015-01-14,0800-1200,24.3
2015-01-14,1200-1600,30.4
2015-01-14,1600-2000,31.0
2015-01-14,2000-0000,24.0
2015-01-15,0000-0400,27.5
2015-01-15,0400-0800,25.75
2015-01-15,0800-1200,27.75
2015-01-15,1200-1600,33.5
2015-01-15,1600-2000,33.0
2015-01-15,2000-0000,25.2
2015-01-16,0000-0400,31.25
2015-01-16,0400-0800,31.0
2015-01-16,0800-1200,36.0
2015-01-16,1200-1600,40.0
2015-01-16,1600-2000,29.25
2015-01-16,2000-0000,17.2
2015-01-17,0000-0400,18.5
2015-01-17,0400-0800,17.5
2015-01-17,0800-1200,20.5
2015-01-17,1200-1600,27.75
2015-01-17,1600-2000,28.75
2015-01-17,2000-0000,24.6
2015-01-18,0000-0400,33.5
2015-01-18,0400-0800,34.166666666666664
2015-01-18,0800-1200,35.09090909090909
2015-01-18,1200-1600,38.266666666666666
2015-01-18,1600-2000,41.5625
2015-01-18,2000-0000,35.5
2015-01-19,0000-0400,37.25
2015-01-19,0400-0800,37.0
2015-01-19,0800-1200,39.5
2015-01-19,1200-1600,40.75
2015-01-19,1600-2000,39.75
2015-01-19,2000-0000,31.2
2015-01-20,0000-0400,37.5
2015-01-20,0400-0800,34.75
2015-01-20,0800-1200,36.0
2015-01-20,1200-1600,39.5
2015-01-20,1600-2000,38.0
2015-01-20,2000-0000,27.2
2015-01-21,0000-0400,29.5
2015-01-21,0400-0800,26.0
2015-01-21,0800-1200,29.25
2015-01-21,1200-1600,35.0
2015-01-21,1600-2000,34.25
2015-01-21,2000-0000,27.0
2015-01-22,0000-0400,33.42857142857143
2015-01-22,0400-0800,31.571428571428573
2015-01-22,0800-1200,32.6
2015-01-22,1200-1600,38.0
2015-01-22,1600-2000,37.0
2015-01-22,2000-0000,26.0
2015-01-23,0000-0400,30.25
2015-01-23,0400-0800,28.0
2015-01-23,0800-1200,30.75
2015-01-23,1200-1600,37.75
2015-01-23,1600-2000,37.5
2015-01-23,2000-0000,29.6
2015-01-24,0000-0400,33.90909090909091
2015-01-24,0400-0800,33.083333333333336
2015-01-24,0800-1200,34.666666666666664
2015-01-24,1200-1600,35.81818181818182
2015-01-24,1600-2000,37.333333333333336
2015-01-24,2000-0000,29.2
2015-01-25,0000-0400,36.75
2015-01-25,0400-0800,35.25
2015-01-25,0800-1200,39.5
2015-01-25,1200-1600,41.75
2015-01-25,1600-2000,36.5
2015-01-25,2000-0000,25.8
2015-01-26,0000-0400,27.25
2015-01-26,0400-0800,24.333333333333332
2015-01-26,0800-1200,23.75
2015-01-26,1200-1600,23.3
2015-01-26,1600-2000,26.583333333333332
2015-01-26,2000-0000,23.2
2015-01-27,0000-0400,22.6
2015-01-27,0400-0800,21.333333333333332
2015-01-27,0800-1200,24.363636363636363
2015-01-27,1200-1600,28.25
2015-01-27,1600-2000,26.0
2015-01-27,2000-0000,17.4
2015-01-28,0000-0400,17.5
2015-01-28,0400-0800,17.25
2015-01-28,0800-1200,22.75
2015-01-28,1200-1600,31.75
2015-01-28,1600-2000,31.5
2015-01-28,2000-0000,21.4
2015-01-29,0000-0400,22.25
2015-01-29,0400-0800,20.0
2015-01-29,0800-1200,27.25
2015-01-29,1200-1600,31.6
2015-01-29,1600-2000,33.0
2015-01-29,2000-0000,29.625
2015-01-30,0000-0400,33.333333333333336
2015-01-30,0400-0800,33.75
2015-01-30,0800-1200,33.1
2015-01-30,1200-1600,36.8
2015-01-30,1600-2000,30.0
2015-01-30,2000-0000,16.4
2015-01-31,0000-0400,17.25
2015-01-31,0400-0800,13.75
2015-01-31,0800-1200,16.75
2015-01-31,1200-1600,25.0
2015-01-31,1600-2000,23.5
2015-01-31,2000-0000,16.6
2015-02-01,0000-0400,21.5
2015-02-01,0400-0800,24.5
2015-02-01,0800-1200,31.75
2015-02-01,1200-1600,35.25
2015-02-01,1600-2000,35.25
2015-02-01,2000-0000,30.76923076923077
2015-02-02,0000-0400,33.0
2015-02-02,0400-0800,31.785714285714285
2015-02-02,0800-1200,29.176470588235293
2015-02-02,1200-1600,25.5
2015-02-02,1600-2000,22.75
2015-02-02,2000-0000,12.2
2015-02-03,0000-0400,13.25
2015-02-03,0400-0800,15.25
2015-02-03,0800-1200,18.75
2015-02-03,1200-1600,23.25
2015-02-03,1600-2000,24.0
2015-02-03,2000-0000,19.8
2015-02-04,0000-0400,25.5
2015-02-04,0400-0800,28.5
2015-02-04,0800-1200,34.75
2015-02-04,1200-1600,37.75
2015-02-04,1600-2000,40.5
2015-02-04,2000-0000,33.6
2015-02-05,0000-0400,41.0
2015-02-05,0400-0800,35.5
2015-02-05,0800-1200,29.5
2015-02-05,1200-1600,27.25
2015-02-05,1600-2000,21.75
2015-02-05,2000-0000,12.2
2015-02-06,0000-0400,13.0
2015-02-06,0400-0800,12.5
2015-02-06,0800-1200,17.5
2015-02-06,1200-1600,24.75
2015-02-06,1600-2000,26.25
2015-02-06,2000-0000,20.4
2015-02-07,0000-0400,26.5
2015-02-07,0400-0800,28.0
2015-02-07,0800-1200,29.5
2015-02-07,1200-1600,32.375
2015-02-07,1600-2000,37.25
2015-02-07,2000-0000,29.0
2015-02-08,0000-0400,34.5
2015-02-08,0400-0800,34.4
2015-02-08,0800-1200,35.666666666666664
2015-02-08,1200-1600,34.375
2015-02-08,1600-2000,34.8
2015-02-08,2000-0000,26.666666666666668
2015-02-09,0000-0400,27.4
2015-02-09,0400-0800,25.5
2015-02-09,0800-1200,26.5
2015-02-09,1200-1600,27.0
2015-02-09,1600-2000,27.0
2015-02-09,2000-0000,21.2
2015-02-10,0000-0400,26.25
2015-02-10,0400-0800,26.25
2015-02-10,0800-1200,29.0
2015-02-10,1200-1600,37.25
2015-02-10,1600-2000,35.25
2015-02-10,2000-0000,24.4
2015-02-11,0000-0400,26.25
2015-02-11,0400-0800,22.75
2015-02-11,0800-1200,26.25
2015-02-11,1200-1600,32.25
2015-02-11,1600-2000,31.0
2015-02-11,2000-0000,23.0
2015-02-12,0000-0400,29.5
2015-02-12,0400-0800,30.75
2015-02-12,0800-1200,34.0
2015-02-12,1200-1600,36.18181818181818
2015-02-12,1600-2000,33.5
2015-02-12,2000-0000,17.6
2015-02-13,0000-0400,11.75
2015-02-13,0400-0800,8.75
2015-02-13,0800-1200,12.75
2015-02-13,1200-1600,19.25
2015-02-13,1600-2000,19.75
2015-02-13,2000-0000,13.8
2015-02-14,0000-0400,18.0
2015-02-14,0400-0800,21.5
2015-02-14,0800-1200,27.25
2015-02-14,1200-1600,30.166666666666668
2015-02-14,1600-2000,29.0
2015-02-14,2000-0000,25.272727272727273
2015-02-15,0000-0400,22.11111111111111
2015-02-15,0400-0800,14.25
2015-02-15,0800-1200,16.75
2015-02-15,1200-1600,18.5
2015-02-15,1600-2000,10.75
2015-02-15,2000-0000,3.6
2015-02-16,0000-0400,4.0
2015-02-16,0400-0800,4.0
2015-02-16,0800-1200,10.5
2015-02-16,1200-1600,19.5
2015-02-16,1600-2000,20.0
2015-02-16,2000-0000,15.2
2015-02-17,0000-0400,17.125
2015-02-17,0400-0800,15.181818181818182
2015-02-17,0800-1200,18.416666666666668
2015-02-17,1200-1600,25.75
2015-02-17,1600-2000,26.0
2015-02-17,2000-0000,19.8
2015-02-18,0000-0400,21.75
2015-02-18,0400-0800,19.75
2015-02-18,0800-1200,25.75
2015-02-18,1200-1600,29.75
2015-02-18,1600-2000,28.714285714285715
2015-02-18,2000-0000,25.22222222222222
2015-02-19,0000-0400,21.5
2015-02-19,0400-0800,16.5
2015-02-19,0800-1200,19.0
2015-02-19,1200-1600,21.0
2015-02-19,1600-2000,15.75
2015-02-19,2000-0000,8.4
2015-02-20,0000-0400,4.5
2015-02-20,0400-0800,2.25
2015-02-20,0800-1200,8.0
2015-02-20,1200-1600,17.75
2015-02-20,1600-2000,17.5
2015-02-20,2000-0000,11.8
2015-02-21,0000-0400,14.5
2015-02-21,0400-0800,17.5
2015-02-21,0800-1200,23.5
2015-02-21,1200-1600,26.90909090909091
2015-02-21,1600-2000,28.625
2015-02-21,2000-0000,27.90909090909091
2015-02-22,0000-0400,32.75
2015-02-22,0400-0800,32.07142857142857
2015-02-22,0800-1200,33.3
2015-02-22,1200-1600,41.25
2015-02-22,1600-2000,40.25
2015-02-22,2000-0000,31.2
2015-02-23,0000-0400,35.0
2015-02-23,0400-0800,29.0
2015-02-23,0800-1200,21.0
2015-02-23,1200-1600,22.5
2015-02-23,1600-2000,16.0
2015-02-23,2000-0000,7.4
2015-02-24,0000-0400,6.5
2015-02-24,0400-0800,5.0
2015-02-24,0800-1200,12.0
2015-02-24,1200-1600,20.5
2015-02-24,1600-2000,22.25
2015-02-24,2000-0000,18.8
2015-02-25,0000-0400,22.25
2015-02-25,0400-0800,20.75
2015-02-25,0800-1200,29.75
2015-02-25,1200-1600,36.25
2015-02-25,1600-2000,35.5
2015-02-25,2000-0000,26.6
2015-02-26,0000-0400,27.75
2015-02-26,0400-0800,22.25
2015-02-26,0800-1200,23.25
2015-02-26,1200-1600,25.571428571428573
2015-02-26,1600-2000,25.75
2015-02-26,2000-0000,18.0
2015-02-27,0000-0400,20.75
2015-02-27,0400-0800,18.75
2015-02-27,0800-1200,21.75
2015-02-27,1200-1600,28.5
2015-02-27,1600-2000,27.5
2015-02-27,2000-0000,18.4
2015-02-28,0000-0400,17.75
2015-02-28,0400-0800,14.25
2015-02-28,0800-1200,19.5
2015-02-28,1200-1600,26.5
2015-02-28,1600-2000,28.25
2015-02-28,2000-0000,21.4
2015-03-01,0000-0400,25.5
2015-03-01,0400-0800,26.5
2015-03-01,0800-1200,30.0
2015-03-01,1200-1600,26.636363636363637
2015-03-01,1600-2000,27.181818181818183
2015-03-01,2000-0000,25.428571428571427
2015-03-02,0000-0400,28.875
2015-03-02,0400-0800,31.6
2015-03-02,0800-1200,34.285714285714285
2015-03-02,1200-1600,37.5
2015-03-02,1600-2000,35.5
2015-03-02,2000-0000,23.6
2015-03-03,0000-0400,25.75
2015-03-03,0400-0800,24.0
2015-03-03,0800-1200,29.25
2015-03-03,1200-1600,30.571428571428573
2015-03-03,1600-2000,30.857142857142858
2015-03-03,2000-0000,29.857142857142858
2015-03-04,0000-0400,36.0
2015-03-04,0400-0800,36.083333333333336
2015-03-04,0800-1200,40.333333333333336
2015-03-04,1200-1600,44.5
2015-03-04,1600-2000,43.0
2015-03-04,2000-0000,36.77777777777778
2015-03-05,0000-0400,36.75
2015-03-05,0400-0800,31.666666666666668
2015-03-05,0800-1200,26.53846153846154
2015-03-05,1200-1600,20.571428571428573
2015-03-05,1600-2000,20.125
2015-03-05,2000-0000,16.666666666666668
2015-03-06,0000-0400,15.6
2015-03-06,0400-0800,13.25
2015-03-06,0800-1200,19.5
2015-03-06,1200-1600,24.5
2015-03-06,1600-2000,24.5
2015-03-06,2000-0000,17.6
2015-03-07,0000-0400,19.75
2015-03-07,0400-0800,18.75
2015-03-07,0800-1200,26.75
2015-03-07,1200-1600,35.25
2015-03-07,1600-2000,37.5
2015-03-07,2000-0000,30.2
2015-03-08,0000-0400,38.75
2015-03-08,0400-0800,38.75
2015-03-08,0800-1200,45.25
2015-03-08,1200-1600,44.25
2015-03-08,1600-2000,45.5
2015-03-08,2000-0000,34.6
2015-03-09,0000-0400,41.5
2015-03-09,0400-0800,42.75
2015-03-09,0800-1200,48.0
2015-03-09,1200-1600,52.75
2015-03-09,1600-2000,52.0
2015-03-09,2000-0000,38.4
2015-03-10,0000-0400,45.0
2015-03-10,0400-0800,42.25
2015-03-10,0800-1200,49.75
2015-03-10,1200-1600,51.5
2015-03-10,1600-2000,45.61538461538461
2015-03-10,2000-0000,41.38461538461539
2015-03-11,0000-0400,45.285714285714285
2015-03-11,0400-0800,45.4
2015-03-11,0800-1200,49.0
2015-03-11,1200-1600,56.75
2015-03-11,1600-2000,56.0
2015-03-11,2000-0000,39.4
2015-03-12,0000-0400,44.5
2015-03-12,0400-0800,41.25
2015-03-12,0800-1200,43.0
2015-03-12,1200-1600,46.0
2015-03-12,1600-2000,43.5
2015-03-12,2000-0000,30.6
2015-03-13,0000-0400,34.5
2015-03-13,0400-0800,32.75
2015-03-13,0800-1200,39.5
2015-03-13,1200-1600,41.25
2015-03-13,1600-2000,39.25
2015-03-13,2000-0000,32.8
2015-03-14,0000-0400,41.5
2015-03-14,0400-0800,42.666666666666664
2015-03-14,0800-1200,45.111111111111114
2015-03-14,1200-1600,48.857142857142854
2015-03-14,1600-2000,46.714285714285715
2015-03-14,2000-0000,38.285714285714285
2015-03-15,0000-0400,43.666666666666664
2015-03-15,0400-0800,41.75
2015-03-15,0800-1200,41.75
2015-03-15,1200-1600,41.75
2015-03-15,1600-2000,39.5
2015-03-15,2000-0000,29.6
2015-03-16,0000-0400,35.5
2015-03-16,0400-0800,36.25
2015-03-16,0800-1200,40.0
2015-03-16,1200-1600,48.75
2015-03-16,1600-2000,49.25
2015-03-16,2000-0000,40.4
2015-03-17,0000-0400,49.75
2015-03-17,0400-0800,49.0
2015-03-17,0800-1200,54.0
2015-03-17,1200-1600,52.0
2015-03-17,1600-2000,40.0
2015-03-17,2000-0000,27.8
2015-03-18,0000-0400,32.5
2015-03-18,0400-0800,30.25
2015-03-18,0800-1200,32.75
2015-03-18,1200-1600,36.75
2015-03-18,1600-2000,35.25
2015-03-18,2000-0000,24.8
2015-03-19,0000-0400,30.25
2015-03-19,0400-0800,29.5
2015-03-19,0800-1200,34.25
2015-03-19,1200-1600,40.5
2015-03-19,1600-2000,40.5
2015-03-19,2000-0000,30.0
2015-03-20,0000-0400,34.5
2015-03-20,0400-0800,33.75
2015-03-20,0800-1200,36.166666666666664
2015-03-20,1200-1600,32.666666666666664
2015-03-20,1600-2000,30.142857142857142
2015-03-20,2000-0000,26.2
2015-03-21,0000-0400,28.875
2015-03-21,0400-0800,29.0
2015-03-21,0800-1200,34.666666666666664
2015-03-21,1200-1600,42.0
2015-03-21,1600-2000,45.0
2015-03-21,2000-0000,36.2
2015-03-22,0000-0400,39.25
2015-03-22,0400-0800,33.25
2015-03-22,0800-1200,36.75
2015-03-22,1200-1600,40.5
2015-03-22,1600-2000,36.5
2015-03-22,2000-0000,23.8
2015-03-23,0000-0400,25.75
2015-03-23,0400-0800,23.5
2015-03-23,0800-1200,30.5
2015-03-23,1200-1600,36.75
2015-03-23,1600-2000,35.25
2015-03-23,2000-0000,25.4
2015-03-24,0000-0400,29.5
2015-03-24,0400-0800,26.5
2015-03-24,0800-1200,32.75
2015-03-24,1200-1600,42.0
2015-03-24,1600-2000,41.75
2015-03-24,2000-0000,30.8
2015-03-25,0000-0400,36.0
2015-03-25,0400-0800,36.0
2015-03-25,0800-1200,46.25
2015-03-25,1200-1600,42.0
2015-03-25,1600-2000,40.833333333333336
2015-03-25,2000-0000,37.0
2015-03-26,0000-0400,42.72727272727273
2015-03-26,0400-0800,45.4
2015-03-26,0800-1200,48.666666666666664
2015-03-26,1200-1600,52.357142857142854
2015-03-26,1600-2000,57.75
2015-03-26,2000-0000,44.53333333333333
2015-03-27,0000-0400,42.57142857142857
2015-03-27,0400-0800,39.166666666666664
2015-03-27,0800-1200,41.875
2015-03-27,1200-1600,44.375
2015-03-27,1600-2000,44.0
2015-03-27,2000-0000,33.2
2015-03-28,0000-0400,37.5
2015-03-28,0400-0800,34.5
2015-03-28,0800-1200,33.833333333333336
2015-03-28,1200-1600,38.25
2015-03-28,1600-2000,34.25
2015-03-28,2000-0000,22.4
2015-03-29,0000-0400,26.25
2015-03-29,0400-0800,26.0
2015-03-29,0800-1200,35.0
2015-03-29,1200-1600,43.25
2015-03-29,1600-2000,44.0
2015-03-29,2000-0000,32.6
2015-03-30,0000-0400,39.0
2015-03-30,0400-0800,37.22222222222222
2015-03-30,0800-1200,41.75
2015-03-30,1200-1600,51.5
2015-03-30,1600-2000,51.0
2015-03-30,2000-0000,36.0
2015-03-31,0000-0400,42.5
2015-03-31,0400-0800,40.5
2015-03-31,0800-1200,45.25
2015-03-31,1200-1600,38.833333333333336
2015-03-31,1600-2000,37.111111111111114
2015-03-31,2000-0000,32.833333333333336
2015-04-01,0000-0400,34.25
2015-04-01,0400-0800,33.0
2015-04-01,0800-1200,39.5
2015-04-01,1200-1600,48.25
2015-04-01,1600-2000,48.75
2015-04-01,2000-0000,36.0
2015-04-02,0000-0400,42.5
2015-04-02,0400-0800,45.25
2015-04-02,0800-1200,55.75
2015-04-02,1200-1600,65.25
2015-04-02,1600-2000,60.0
2015-04-02,2000-0000,47.2
2015-04-03,0000-0400,60.75
2015-04-03,0400-0800,61.25
2015-04-03,0800-1200,62.0
2015-04-03,1200-1600,62.2
2015-04-03,1600-2000,62.4
2015-04-03,2000-0000,60.25
2015-04-04,0000-0400,58.625
2015-04-04,0400-0800,48.333333333333336
2015-04-04,0800-1200,49.25
2015-04-04,1200-1600,50.25
2015-04-04,1600-2000,47.5
2015-04-04,2000-0000,35.0
2015-04-05,0000-0400,43.0
2015-04-05,0400-0800,43.0
2015-04-05,0800-1200,52.25
2015-04-05,1200-1600,59.25
2015-04-05,1600-2000,57.0
2015-04-05,2000-0000,38.2
2015-04-06,0000-0400,45.0
2015-04-06,0400-0800,43.75
2015-04-06,0800-1200,52.75
2015-04-06,1200-1600,59.5
2015-04-06,1600-2000,55.5
2015-04-06,2000-0000,49.4
2015-04-07,0000-0400,60.75
2015-04-07,0400-0800,57.5
2015-04-07,0800-1200,52.5
2015-04-07,1200-1600,49.666666666666664
2015-04-07,1600-2000,45.55555555555556
2015-04-07,2000-0000,34.0
2015-04-08,0000-0400,41.125
2015-04-08,0400-0800,41.0
2015-04-08,0800-1200,42.0
2015-04-08,1200-1600,43.5
2015-04-08,1600-2000,42.0
2015-04-08,2000-0000,32.142857142857146
2015-04-09,0000-0400,37.0
2015-04-09,0400-0800,37.0
2015-04-09,0800-1200,38.42857142857143
2015-04-09,1200-1600,41.0
2015-04-09,1600-2000,42.0
2015-04-09,2000-0000,35.0
2015-04-10,0000-0400,39.833333333333336
2015-04-10,0400-0800,39.63636363636363
2015-04-10,0800-1200,43.61538461538461
2015-04-10,1200-1600,51.6
2015-04-10,1600-2000,55.666666666666664
2015-04-10,2000-0000,45.333333333333336
2015-04-11,0000-0400,53.5
2015-04-11,0400-0800,53.5
2015-04-11,0800-1200,54.75
2015-04-11,1200-1600,55.0
2015-04-11,1600-2000,51.5
2015-04-11,2000-0000,36.6
2015-04-12,0000-0400,43.75
2015-04-12,0400-0800,44.75
2015-04-12,0800-1200,56.0
2015-04-12,1200-1600,63.25
2015-04-12,1600-2000,55.75
2015-04-12,2000-0000,41.8
2015-04-13,0000-0400,51.75
2015-04-13,0400-0800,52.25
2015-04-13,0800-1200,61.75
2015-04-13,1200-1600,66.5
2015-04-13,1600-2000,64.0
2015-04-13,2000-0000,48.6
2015-04-14,0000-0400,61.0
2015-04-14,0400-0800,59.142857142857146
2015-04-14,0800-1200,56.2
2015-04-14,1200-1600,63.75
2015-04-14,1600-2000,62.5
2015-04-14,2000-0000,47.6
2015-04-15,0000-0400,54.75
2015-04-15,0400-0800,52.75
2015-04-15,0800-1200,62.75
2015-04-15,1200-1600,69.5
2015-04-15,1600-2000,67.5
2015-04-15,2000-0000,48.2
2015-04-16,0000-0400,55.0
2015-04-16,0400-0800,53.0
2015-04-16,0800-1200,60.5
2015-04-16,1200-1600,61.25
2015-04-16,1600-2000,55.25
2015-04-16,2000-0000,45.6
2015-04-17,0000-0400,57.75
2015-04-17,0400-0800,56.125
2015-04-17,0800-1200,60.0
2015-04-17,1200-1600,66.16666666666667
2015-04-17,1600-2000,69.25
2015-04-17,2000-0000,51.8
2015-04-18,0000-0400,61.0
2015-04-18,0400-0800,60.5
2015-04-18,0800-1200,71.5
2015-04-18,1200-1600,77.0
2015-04-18,1600-2000,74.5
2015-04-18,2000-0000,53.0
2015-04-19,0000-0400,58.0
2015-04-19,0400-0800,54.5
2015-04-19,0800-1200,59.75
2015-04-19,1200-1600,56.75
2015-04-19,1600-2000,51.5
2015-04-19,2000-0000,38.6
2015-04-20,0000-0400,47.6
2015-04-20,0400-0800,49.875
2015-04-20,0800-1200,52.93333333333333
2015-04-20,1200-1600,55.642857142857146
2015-04-20,1600-2000,53.111111111111114
2015-04-20,2000-0000,52.0
2015-04-21,0000-0400,52.666666666666664
2015-04-21,0400-0800,54.0
2015-04-21,0800-1200,57.0
2015-04-21,1200-1600,63.25
2015-04-21,1600-2000,60.75
2015-04-21,2000-0000,45.6
2015-04-22,0000-0400,52.5
2015-04-22,0400-0800,54.5
2015-04-22,0800-1200,65.0
2015-04-22,1200-1600,61.25
2015-04-22,1600-2000,54.75
2015-04-22,2000-0000,40.8
2015-04-23,0000-0400,42.5
2015-04-23,0400-0800,42.75
2015-04-23,0800-1200,47.5
2015-04-23,1200-1600,49.0
2015-04-23,1600-2000,45.5
2015-04-23,2000-0000,34.0
2015-04-24,0000-0400,40.0
2015-04-24,0400-0800,39.25
2015-04-24,0800-1200,43.75
2015-04-24,1200-1600,49.75
2015-04-24,1600-2000,45.5
2015-04-24,2000-0000,32.2
2015-04-25,0000-0400,38.75
2015-04-25,0400-0800,39.75
2015-04-25,0800-1200,50.25
2015-04-25,1200-1600,58.5
2015-04-25,1600-2000,57.0
2015-04-25,2000-0000,41.4
2015-04-26,0000-0400,48.25
2015-04-26,0400-0800,49.0
2015-04-26,0800-1200,57.0
2015-04-26,1200-1600,61.0
2015-04-26,1600-2000,59.0
2015-04-26,2000-0000,42.0
2015-04-27,0000-0400,49.75
2015-04-27,0400-0800,49.75
2015-04-27,0800-1200,56.75
2015-04-27,1200-1600,59.75
2015-04-27,1600-2000,58.5
2015-04-27,2000-0000,42.8
2015-04-28,0000-0400,51.5
2015-04-28,0400-0800,52.25
2015-04-28,0800-1200,62.25
2015-04-28,1200-1600,69.75
2015-04-28,1600-2000,67.25
2015-04-28,2000-0000,49.6
2015-04-29,0000-0400,57.75
2015-04-29,0400-0800,58.0
2015-04-29,0800-1200,68.75
2015-04-29,1200-1600,75.75
2015-04-29,1600-2000,64.5
2015-04-29,2000-0000,41.6
2015-04-30,0000-0400,48.75
2015-04-30,0400-0800,50.857142857142854
2015-04-30,0800-1200,59.75
2015-04-30,1200-1600,65.0
2015-04-30,1600-2000,57.75
2015-04-30,2000-0000,41.6
2015-05-01,0000-0400,50.5
2015-05-01,0400-0800,50.5
2015-05-01,0800-1200,56.0
2015-05-01,1200-1600,59.5
2015-05-01,1600-2000,51.5
2015-05-01,2000-0000,39.6
2015-05-02,0000-0400,49.5
2015-05-02,0400-0800,51.0
2015-05-02,0800-1200,61.0
2015-05-02,1200-1600,63.5
2015-05-02,1600-2000,53.5
2015-05-02,2000-0000,41.6
2015-05-03,0000-0400,51.75
2015-05-03,0400-0800,53.75
2015-05-03,0800-1200,70.5
2015-05-03,1200-1600,76.75
2015-05-03,1600-2000,68.5
2015-05-03,2000-0000,50.2
2015-05-04,0000-0400,58.0
2015-05-04,0400-0800,61.0
2015-05-04,0800-1200,78.8
2015-05-04,1200-1600,82.0
2015-05-04,1600-2000,79.75
2015-05-04,2000-0000,58.0
2015-05-05,0000-0400,68.25
2015-05-05,0400-0800,68.25
2015-05-05,0800-1200,77.0
2015-05-05,1200-1600,82.0
2015-05-05,1600-2000,73.75
2015-05-05,2000-0000,56.8
2015-05-06,0000-0400,70.0
2015-05-06,0400-0800,66.25
2015-05-06,0800-1200,66.5
2015-05-06,1200-1600,67.25
2015-05-06,1600-2000,65.25
2015-05-06,2000-0000,48.2
2015-05-07,0000-0400,57.75
2015-05-07,0400-0800,60.25
2015-05-07,0800-1200,74.25
2015-05-07,1200-1600,77.0
2015-05-07,1600-2000,68.25
2015-05-07,2000-0000,46.8
2015-05-08,0000-0400,56.5
2015-05-08,0400-0800,58.75
2015-05-08,0800-1200,76.5
2015-05-08,1200-1600,78.75
2015-05-08,1600-2000,71.5
2015-05-08,2000-0000,50.0
2015-05-09,0000-0400,60.55555555555556
2015-05-09,0400-0800,57.4
2015-05-09,0800-1200,60.42857142857143
2015-05-09,1200-1600,67.42857142857143
2015-05-09,1600-2000,64.8
2015-05-09,2000-0000,61.2
2015-05-10,0000-0400,62.714285714285715
2015-05-10,0400-0800,65.8
2015-05-10,0800-1200,72.22222222222223
2015-05-10,1200-1600,81.5
2015-05-10,1600-2000,76.75
2015-05-10,2000-0000,59.4
2015-05-11,0000-0400,71.5
2015-05-11,0400-0800,71.5
2015-05-11,0800-1200,77.8
2015-05-11,1200-1600,80.75
2015-05-11,1600-2000,73.75
2015-05-11,2000-0000,63.5
2015-05-12,0000-0400,69.625
2015-05-12,0400-0800,70.0
2015-05-12,0800-1200,80.0
2015-05-12,1200-1600,84.0
2015-05-12,1600-2000,82.0
2015-05-12,2000-0000,55.4
2015-05-13,0000-0400,60.75
2015-05-13,0400-0800,59.0
2015-05-13,0800-1200,64.5
2015-05-13,1200-1600,67.25
2015-05-13,1600-2000,60.0
2015-05-13,2000-0000,43.6
2015-05-14,0000-0400,51.5
2015-05-14,0400-0800,52.75
2015-05-14,0800-1200,64.5
2015-05-14,1200-1600,71.5
2015-05-14,1600-2000,66.5
2015-05-14,2000-0000,48.6
2015-05-15,0000-0400,56.75
2015-05-15,0400-0800,57.25
2015-05-15,0800-1200,67.0
2015-05-15,1200-1600,72.25
2015-05-15,1600-2000,65.0
2015-05-15,2000-0000,51.0
2015-05-16,0000-0400,59.5
2015-05-16,0400-0800,60.714285714285715
2015-05-16,0800-1200,65.42857142857143
2015-05-16,1200-1600,72.25
2015-05-16,1600-2000,69.5
2015-05-16,2000-0000,61.857142857142854
2015-05-17,0000-0400,66.14285714285714
2015-05-17,0400-0800,67.9090909090909
2015-05-17,0800-1200,75.11111111111111
2015-05-17,1200-1600,81.0
2015-05-17,1600-2000,77.75
2015-05-17,2000-0000,59.6
2015-05-18,0000-0400,72.5
2015-05-18,0400-0800,63.6
2015-05-18,0800-1200,62.54545454545455
2015-05-18,1200-1600,64.0
2015-05-18,1600-2000,62.5
2015-05-18,2000-0000,50.666666666666664
2015-05-19,0000-0400,59.25
2015-05-19,0400-0800,59.142857142857146
2015-05-19,0800-1200,64.2
2015-05-19,1200-1600,76.25
2015-05-19,1600-2000,73.5
2015-05-19,2000-0000,56.4
2015-05-20,0000-0400,60.75
2015-05-20,0400-0800,58.25
2015-05-20,0800-1200,59.5
2015-05-20,1200-1600,61.0
2015-05-20,1600-2000,59.0
2015-05-20,2000-0000,44.6
2015-05-21,0000-0400,52.75
2015-05-21,0400-0800,54.5
2015-05-21,0800-1200,60.0
2015-05-21,1200-1600,60.0
2015-05-21,1600-2000,56.5
2015-05-21,2000-0000,44.0
2015-05-22,0000-0400,55.5
2015-05-22,0400-0800,57.25
2015-05-22,0800-1200,68.75
2015-05-22,1200-1600,70.25
2015-05-22,1600-2000,68.75
2015-05-22,2000-0000,49.8
2015-05-23,0000-0400,53.5
2015-05-23,0400-0800,50.0
2015-05-23,0800-1200,58.0
2015-05-23,1200-1600,66.75
2015-05-23,1600-2000,63.75
2015-05-23,2000-0000,46.8
2015-05-24,0000-0400,57.75
2015-05-24,0400-0800,58.5
2015-05-24,0800-1200,73.25
2015-05-24,1200-1600,79.25
2015-05-24,1600-2000,72.25
2015-05-24,2000-0000,55.4
2015-05-25,0000-0400,65.25
2015-05-25,0400-0800,67.5
2015-05-25,0800-1200,78.25
2015-05-25,1200-1600,84.0
2015-05-25,1600-2000,80.75
2015-05-25,2000-0000,58.8
2015-05-26,0000-0400,69.25
2015-05-26,0400-0800,68.25
2015-05-26,0800-1200,80.25
2015-05-26,1200-1600,85.75
2015-05-26,1600-2000,79.0
2015-05-26,2000-0000,59.6
2015-05-27,0000-0400,71.5
2015-05-27,0400-0800,72.4
2015-05-27,0800-1200,78.14285714285714
2015-05-27,1200-1600,81.2
2015-05-27,1600-2000,75.25
2015-05-27,2000-0000,57.0
2015-05-28,0000-0400,70.75
2015-05-28,0400-0800,72.0
2015-05-28,0800-1200,78.66666666666667
2015-05-28,1200-1600,82.75
2015-05-28,1600-2000,82.5
2015-05-28,2000-0000,60.0
2015-05-29,0000-0400,67.75
2015-05-29,0400-0800,67.5
2015-05-29,0800-1200,76.75
2015-05-29,1200-1600,80.5
2015-05-29,1600-2000,71.0
2015-05-29,2000-0000,54.0
2015-05-30,0000-0400,67.75
2015-05-30,0400-0800,70.25
2015-05-30,0800-1200,79.33333333333333
2015-05-30,1200-1600,82.25
2015-05-30,1600-2000,76.5
2015-05-30,2000-0000,59.2
2015-05-31,0000-0400,72.0
2015-05-31,0400-0800,72.25
2015-05-31,0800-1200,80.5
2015-05-31,1200-1600,74.55555555555556
2015-05-31,1600-2000,69.47058823529412
2015-05-31,2000-0000,54.57142857142857
2015-06-01,0000-0400,57.111111111111114
2015-06-01,0400-0800,56.0
2015-06-01,0800-1200,55.6
2015-06-01,1200-1600,55.75
2015-06-01,1600-2000,55.25
2015-06-01,2000-0000,42.2
2015-06-02,0000-0400,50.375
2015-06-02,0400-0800,51.0
2015-06-02,0800-1200,52.5
2015-06-02,1200-1600,54.0
2015-06-02,1600-2000,53.75
2015-06-02,2000-0000,48.45454545454545
2015-06-03,0000-0400,53.0
2015-06-03,0400-0800,54.2
2015-06-03,0800-1200,62.142857142857146
2015-06-03,1200-1600,68.0
2015-06-03,1600-2000,58.5
2015-06-03,2000-0000,47.857142857142854
2015-06-04,0000-0400,55.57142857142857
2015-06-04,0400-0800,54.75
2015-06-04,0800-1200,59.0
2015-06-04,1200-1600,63.5
2015-06-04,1600-2000,60.0
2015-06-04,2000-0000,45.8
2015-06-05,0000-0400,55.4
2015-06-05,0400-0800,56.75
2015-06-05,0800-1200,57.15
2015-06-05,1200-1600,63.214285714285715
2015-06-05,1600-2000,66.625
2015-06-05,2000-0000,51.833333333333336
2015-06-06,0000-0400,60.625
2015-06-06,0400-0800,62.0625
2015-06-06,0800-1200,66.66666666666667
2015-06-06,1200-1600,73.75
2015-06-06,1600-2000,71.25
2015-06-06,2000-0000,51.0
2015-06-07,0000-0400,59.25
2015-06-07,0400-0800,59.0
2015-06-07,0800-1200,69.75
2015-06-07,1200-1600,71.75
2015-06-07,1600-2000,66.0
2015-06-07,2000-0000,51.2
2015-06-08,0000-0400,63.5
2015-06-08,0400-0800,65.0
2015-06-08,0800-1200,70.5
2015-06-08,1200-1600,77.5
2015-06-08,1600-2000,73.25
2015-06-08,2000-0000,56.0
2015-06-09,0000-0400,68.33333333333333
2015-06-09,0400-0800,69.8
2015-06-09,0800-1200,75.0
2015-06-09,1200-1600,80.2
2015-06-09,1600-2000,79.75
2015-06-09,2000-0000,58.0
2015-06-10,0000-0400,68.25
2015-06-10,0400-0800,68.0
2015-06-10,0800-1200,76.75
2015-06-10,1200-1600,79.75
2015-06-10,1600-2000,78.25
2015-06-10,2000-0000,60.6
2015-06-11,0000-0400,73.0
2015-06-11,0400-0800,73.5
2015-06-11,0800-1200,82.0
2015-06-11,1200-1600,87.75
2015-06-11,1600-2000,87.75
2015-06-11,2000-0000,67.8
2015-06-12,0000-0400,78.75
2015-06-12,0400-0800,75.5
2015-06-12,0800-1200,81.0
2015-06-12,1200-1600,85.5
2015-06-12,1600-2000,84.0
2015-06-12,2000-0000,67.0
2015-06-13,0000-0400,80.5
2015-06-13,0400-0800,77.5
2015-06-13,0800-1200,79.25
2015-06-13,1200-1600,84.75
2015-06-13,1600-2000,81.25
2015-06-13,2000-0000,59.6
2015-06-14,0000-0400,72.25
2015-06-14,0400-0800,74.25
2015-06-14,0800-1200,82.25
2015-06-14,1200-1600,84.25
2015-06-14,1600-2000,79.0
2015-06-14,2000-0000,62.285714285714285
2015-06-15,0000-0400,67.36842105263158
2015-06-15,0400-0800,69.375
2015-06-15,0800-1200,75.28571428571429
2015-06-15,1200-1600,74.07692307692308
2015-06-15,1600-2000,65.66666666666667
2015-06-15,2000-0000,51.8
2015-06-16,0000-0400,65.5
2015-06-16,0400-0800,67.2
2015-06-16,0800-1200,73.375
2015-06-16,1200-1600,74.4
2015-06-16,1600-2000,74.875
2015-06-16,2000-0000,59.4
2015-06-17,0000-0400,70.5
2015-06-17,0400-0800,72.0
2015-06-17,0800-1200,77.0
2015-06-17,1200-1600,75.0
2015-06-17,1600-2000,68.75
2015-06-17,2000-0000,57.42857142857143
2015-06-18,0000-0400,65.0
2015-06-18,0400-0800,66.2
2015-06-18,0800-1200,67.83333333333333
2015-06-18,1200-1600,68.16666666666667
2015-06-18,1600-2000,67.25
2015-06-18,2000-0000,53.6
2015-06-19,0000-0400,68.625
2015-06-19,0400-0800,70.25
2015-06-19,0800-1200,79.0
2015-06-19,1200-1600,84.0
2015-06-19,1600-2000,81.0
2015-06-19,2000-0000,61.0
2015-06-20,0000-0400,72.25
2015-06-20,0400-0800,67.57142857142857
2015-06-20,0800-1200,67.0
2015-06-20,1200-1600,66.66666666666667
2015-06-20,1600-2000,68.5
2015-06-20,2000-0000,61.55555555555556
2015-06-21,0000-0400,72.17647058823529
2015-06-21,0400-0800,72.2
2015-06-21,0800-1200,78.0
2015-06-21,1200-1600,85.75
2015-06-21,1600-2000,81.25
2015-06-21,2000-0000,67.33333333333333
2015-06-22,0000-0400,72.25
2015-06-22,0400-0800,72.25
2015-06-22,0800-1200,80.25
2015-06-22,1200-1600,85.25
2015-06-22,1600-2000,84.75
2015-06-22,2000-0000,64.8
2015-06-23,0000-0400,76.5
2015-06-23,0400-0800,77.0
2015-06-23,0800-1200,85.5
2015-06-23,1200-1600,88.0
2015-06-23,1600-2000,83.5
2015-06-23,2000-0000,63.0
2015-06-24,0000-0400,71.25
2015-06-24,0400-0800,69.25
2015-06-24,0800-1200,77.75
2015-06-24,1200-1600,81.75
2015-06-24,1600-2000,81.0
2015-06-24,2000-0000,60.2
2015-06-25,0000-0400,69.75
2015-06-25,0400-0800,68.75
2015-06-25,0800-1200,79.25
2015-06-25,1200-1600,78.75
2015-06-25,1600-2000,77.25
2015-06-25,2000-0000,59.0
2015-06-26,0000-0400,71.75
2015-06-26,0400-0800,72.25
2015-06-26,0800-1200,74.5
2015-06-26,1200-1600,78.75
2015-06-26,1600-2000,74.25
2015-06-26,2000-0000,56.2
2015-06-27,0000-0400,68.25
2015-06-27,0400-0800,68.75
2015-06-27,0800-1200,69.25
2015-06-27,1200-1600,66.25
2015-06-27,1600-2000,60.15384615384615
2015-06-27,2000-0000,56.142857142857146
2015-06-28,0000-0400,63.44444444444444
2015-06-28,0400-0800,63.666666666666664
2015-06-28,0800-1200,64.22222222222223
2015-06-28,1200-1600,67.28571428571429
2015-06-28,1600-2000,71.75
2015-06-28,2000-0000,57.2
2015-06-29,0000-0400,66.0
2015-06-29,0400-0800,64.5
2015-06-29,0800-1200,71.0
2015-06-29,1200-1600,74.5
2015-06-29,1600-2000,75.0
2015-06-29,2000-0000,57.8
2015-06-30,0000-0400,70.5
2015-06-30,0400-0800,71.5
2015-06-30,0800-1200,78.25
2015-06-30,1200-1600,79.25
2015-06-30,1600-2000,74.5
2015-06-30,2000-0000,66.2
2015-07-01,0000-0400,71.66666666666667
2015-07-01,0400-0800,70.0
2015-07-01,0800-1200,74.5
2015-07-01,1200-1600,80.25
2015-07-01,1600-2000,80.5
2015-07-01,2000-0000,61.6
2015-07-02,0000-0400,71.75
2015-07-02,0400-0800,70.5
2015-07-02,0800-1200,76.25
2015-07-02,1200-1600,77.0
2015-07-02,1600-2000,74.5
2015-07-02,2000-0000,58.0
2015-07-03,0000-0400,69.75
2015-07-03,0400-0800,67.5
2015-07-03,0800-1200,75.0
2015-07-03,1200-1600,79.5
2015-07-03,1600-2000,76.5
2015-07-03,2000-0000,57.4
2015-07-04,0000-0400,70.75
2015-07-04,0400-0800,70.75
2015-07-04,0800-1200,72.5
2015-07-04,1200-1600,72.5
2015-07-04,1600-2000,73.25
2015-07-04,2000-0000,56.6
2015-07-05,0000-0400,69.5
2015-07-05,0400-0800,70.5
2015-07-05,0800-1200,77.0
2015-07-05,1200-1600,82.0
2015-07-05,1600-2000,78.75
2015-07-05,2000-0000,59.6
2015-07-06,0000-0400,73.25
2015-07-06,0400-0800,74.5
2015-07-06,0800-1200,80.5
2015-07-06,1200-1600,80.75
2015-07-06,1600-2000,76.8
2015-07-06,2000-0000,66.77777777777777
2015-07-07,0000-0400,75.3
2015-07-07,0400-0800,77.33333333333333
2015-07-07,0800-1200,82.42857142857143
2015-07-07,1200-1600,82.33333333333333
2015-07-07,1600-2000,79.75
2015-07-07,2000-0000,64.8
2015-07-08,0000-0400,79.0
2015-07-08,0400-0800,78.75
2015-07-08,0800-1200,82.25
2015-07-08,1200-1600,82.5
2015-07-08,1600-2000,79.0
2015-07-08,2000-0000,62.4
2015-07-09,0000-0400,76.25
2015-07-09,0400-0800,72.0
2015-07-09,0800-1200,70.14285714285714
2015-07-09,1200-1600,77.0
2015-07-09,1600-2000,72.5
2015-07-09,2000-0000,68.47368421052632
2015-07-10,0000-0400,73.42857142857143
2015-07-10,0400-0800,72.2
2015-07-10,0800-1200,76.5
2015-07-10,1200-1600,83.0
2015-07-10,1600-2000,81.5
2015-07-10,2000-0000,62.2
2015-07-11,0000-0400,72.25
2015-07-11,0400-0800,72.5
2015-07-11,0800-1200,81.5
2015-07-11,1200-1600,86.0
2015-07-11,1600-2000,81.75
2015-07-11,2000-0000,62.2
2015-07-12,0000-0400,74.5
2015-07-12,0400-0800,74.5
2015-07-12,0800-1200,83.75
2015-07-12,1200-1600,87.0
2015-07-12,1600-2000,82.25
2015-07-12,2000-0000,62.8
2015-07-13,0000-0400,76.25
2015-07-13,0400-0800,77.0
2015-07-13,0800-1200,82.5
2015-07-13,1200-1600,83.75
2015-07-13,1600-2000,77.75
2015-07-13,2000-0000,58.8
2015-07-14,0000-0400,74.0
2015-07-14,0400-0800,74.75
2015-07-14,0800-1200,77.75
2015-07-14,1200-1600,74.93333333333334
2015-07-14,1600-2000,76.9
2015-07-14,2000-0000,70.0
2015-07-15,0000-0400,75.63636363636364
2015-07-15,0400-0800,76.11111111111111
2015-07-15,0800-1200,77.0
2015-07-15,1200-1600,78.25
2015-07-15,1600-2000,77.75
2015-07-15,2000-0000,59.2
2015-07-16,0000-0400,68.25
2015-07-16,0400-0800,65.5
2015-07-16,0800-1200,73.25
2015-07-16,1200-1600,78.5
2015-07-16,1600-2000,75.75
2015-07-16,2000-0000,55.6
2015-07-17,0000-0400,68.25
2015-07-17,0400-0800,69.0
2015-07-17,0800-1200,76.25
2015-07-17,1200-1600,78.25
2015-07-17,1600-2000,74.25
2015-07-17,2000-0000,58.2
2015-07-18,0000-0400,73.66666666666667
2015-07-18,0400-0800,73.66666666666667
2015-07-18,0800-1200,74.375
2015-07-18,1200-1600,81.42857142857143
2015-07-18,1600-2000,82.66666666666667
2015-07-18,2000-0000,65.4
2015-07-19,0000-0400,79.25
2015-07-19,0400-0800,79.5
2015-07-19,0800-1200,88.0
2015-07-19,1200-1600,91.75
2015-07-19,1600-2000,90.25
2015-07-19,2000-0000,70.2
2015-07-20,0000-0400,84.5
2015-07-20,0400-0800,83.25
2015-07-20,0800-1200,89.5
2015-07-20,1200-1600,92.25
2015-07-20,1600-2000,90.25
2015-07-20,2000-0000,68.4
2015-07-21,0000-0400,82.75
2015-07-21,0400-0800,81.25
2015-07-21,0800-1200,82.5
2015-07-21,1200-1600,86.0
2015-07-21,1600-2000,81.75
2015-07-21,2000-0000,61.4
2015-07-22,0000-0400,72.25
2015-07-22,0400-0800,71.0
2015-07-22,0800-1200,79.5
2015-07-22,1200-1600,83.75
2015-07-22,1600-2000,80.5
2015-07-22,2000-0000,60.4
2015-07-23,0000-0400,71.25
2015-07-23,0400-0800,69.6
2015-07-23,0800-1200,79.25
2015-07-23,1200-1600,83.5
2015-07-23,1600-2000,80.5
2015-07-23,2000-0000,59.8
2015-07-24,0000-0400,73.75
2015-07-24,0400-0800,72.0
2015-07-24,0800-1200,80.5
2015-07-24,1200-1600,85.0
2015-07-24,1600-2000,81.0
2015-07-24,2000-0000,62.0
2015-07-25,0000-0400,73.75
2015-07-25,0400-0800,72.75
2015-07-25,0800-1200,82.25
2015-07-25,1200-1600,84.25
2015-07-25,1600-2000,78.75
2015-07-25,2000-0000,61.4
2015-07-26,0000-0400,75.0
2015-07-26,0400-0800,75.5
2015-07-26,0800-1200,84.25
2015-07-26,1200-1600,85.5
2015-07-26,1600-2000,82.75
2015-07-26,2000-0000,63.4
2015-07-27,0000-0400,73.25
2015-07-27,0400-0800,72.83333333333333
2015-07-27,0800-1200,80.25
2015-07-27,1200-1600,83.25
2015-07-27,1600-2000,79.75
2015-07-27,2000-0000,62.4
2015-07-28,0000-0400,76.0
2015-07-28,0400-0800,77.5
2015-07-28,0800-1200,86.75
2015-07-28,1200-1600,93.75
2015-07-28,1600-2000,85.75
2015-07-28,2000-0000,66.2
2015-07-29,0000-0400,79.75
2015-07-29,0400-0800,80.25
2015-07-29,0800-1200,90.25
2015-07-29,1200-1600,92.25
2015-07-29,1600-2000,87.5
2015-07-29,2000-0000,67.0
2015-07-30,0000-0400,80.5
2015-07-30,0400-0800,79.66666666666667
2015-07-30,0800-1200,81.625
2015-07-30,1200-1600,78.85714285714286
2015-07-30,1600-2000,77.5
2015-07-30,2000-0000,66.0
2015-07-31,0000-0400,75.8
2015-07-31,0400-0800,74.5
2015-07-31,0800-1200,84.0
2015-07-31,1200-1600,88.25
2015-07-31,1600-2000,85.25
2015-07-31,2000-0000,64.6
2015-08-01,0000-0400,78.25
2015-08-01,0400-0800,76.5
2015-08-01,0800-1200,82.75
2015-08-01,1200-1600,86.75
2015-08-01,1600-2000,84.0
2015-08-01,2000-0000,63.0
2015-08-02,0000-0400,74.75
2015-08-02,0400-0800,73.0
2015-08-02,0800-1200,84.0
2015-08-02,1200-1600,86.75
2015-08-02,1600-2000,81.5
2015-08-02,2000-0000,62.8
2015-08-03,0000-0400,77.0
2015-08-03,0400-0800,76.25
2015-08-03,0800-1200,84.25
2015-08-03,1200-1600,87.5
2015-08-03,1600-2000,85.75
2015-08-03,2000-0000,66.0
2015-08-04,0000-0400,72.77777777777777
2015-08-04,0400-0800,70.5
2015-08-04,0800-1200,82.0
2015-08-04,1200-1600,88.0
2015-08-04,1600-2000,84.6
2015-08-04,2000-0000,63.4
2015-08-05,0000-0400,75.0
2015-08-05,0400-0800,73.75
2015-08-05,0800-1200,81.25
2015-08-05,1200-1600,84.75
2015-08-05,1600-2000,81.0
2015-08-05,2000-0000,60.8
2015-08-06,0000-0400,70.75
2015-08-06,0400-0800,69.0
2015-08-06,0800-1200,76.75
2015-08-06,1200-1600,81.5
2015-08-06,1600-2000,78.75
2015-08-06,2000-0000,60.4
2015-08-07,0000-0400,72.5
2015-08-07,0400-0800,71.0
2015-08-07,0800-1200,78.25
2015-08-07,1200-1600,82.5
2015-08-07,1600-2000,78.5
2015-08-07,2000-0000,58.0
2015-08-08,0000-0400,70.0
2015-08-08,0400-0800,71.0
2015-08-08,0800-1200,77.25
2015-08-08,1200-1600,80.75
2015-08-08,1600-2000,76.5
2015-08-08,2000-0000,58.4
2015-08-09,0000-0400,70.0
2015-08-09,0400-0800,70.5
2015-08-09,0800-1200,79.0
2015-08-09,1200-1600,81.5
2015-08-09,1600-2000,75.5
2015-08-09,2000-0000,57.8
2015-08-10,0000-0400,72.0
2015-08-10,0400-0800,71.5
2015-08-10,0800-1200,77.66666666666667
2015-08-10,1200-1600,79.5
2015-08-10,1600-2000,75.75
2015-08-10,2000-0000,67.5
2015-08-11,0000-0400,74.33333333333333
2015-08-11,0400-0800,71.58823529411765
2015-08-11,0800-1200,72.21428571428571
2015-08-11,1200-1600,77.5
2015-08-11,1600-2000,78.16666666666667
2015-08-11,2000-0000,61.0
2015-08-12,0000-0400,72.5
2015-08-12,0400-0800,71.75
2015-08-12,0800-1200,79.0
2015-08-12,1200-1600,82.5
2015-08-12,1600-2000,80.0
2015-08-12,2000-0000,59.8
2015-08-13,0000-0400,70.75
2015-08-13,0400-0800,69.0
2015-08-13,0800-1200,77.5
2015-08-13,1200-1600,81.5
2015-08-13,1600-2000,79.25
2015-08-13,2000-0000,59.6
2015-08-14,0000-0400,70.75
2015-08-14,0400-0800,70.25
2015-08-14,0800-1200,81.5
2015-08-14,1200-1600,85.75
2015-08-14,1600-2000,80.0
2015-08-14,2000-0000,61.6
2015-08-15,0000-0400,74.5
2015-08-15,0400-0800,75.25
2015-08-15,0800-1200,85.75
2015-08-15,1200-1600,89.5
2015-08-15,1600-2000,83.0
2015-08-15,2000-0000,65.2
2015-08-16,0000-0400,78.5
2015-08-16,0400-0800,77.5
2015-08-16,0800-1200,85.75
2015-08-16,1200-1600,89.0
2015-08-16,1600-2000,84.75
2015-08-16,2000-0000,65.8
2015-08-17,0000-0400,80.5
2015-08-17,0400-0800,79.0
2015-08-17,0800-1200,88.75
2015-08-17,1200-1600,89.25
2015-08-17,1600-2000,87.5
2015-08-17,2000-0000,66.6
2015-08-18,0000-0400,78.2
2015-08-18,0400-0800,73.875
2015-08-18,0800-1200,84.25
2015-08-18,1200-1600,87.25
2015-08-18,1600-2000,80.75
2015-08-18,2000-0000,65.33333333333333
2015-08-19,0000-0400,77.66666666666667
2015-08-19,0400-0800,78.2
2015-08-19,0800-1200,82.75
2015-08-19,1200-1600,83.5
2015-08-19,1600-2000,80.0
2015-08-19,2000-0000,72.0
2015-08-20,0000-0400,78.18181818181819
2015-08-20,0400-0800,78.8
2015-08-20,0800-1200,82.85714285714286
2015-08-20,1200-1600,83.25
2015-08-20,1600-2000,80.6
2015-08-20,2000-0000,67.85714285714286
2015-08-21,0000-0400,76.14285714285714
2015-08-21,0400-0800,72.75
2015-08-21,0800-1200,76.5
2015-08-21,1200-1600,86.0
2015-08-21,1600-2000,82.5
2015-08-21,2000-0000,61.4
2015-08-22,0000-0400,72.25
2015-08-22,0400-0800,70.25
2015-08-22,0800-1200,78.5
2015-08-22,1200-1600,83.5
2015-08-22,1600-2000,79.0
2015-08-22,2000-0000,58.6
2015-08-23,0000-0400,71.0
2015-08-23,0400-0800,72.0
2015-08-23,0800-1200,78.57142857142857
2015-08-23,1200-1600,82.0
2015-08-23,1600-2000,79.0
2015-08-23,2000-0000,62.833333333333336
2015-08-24,0000-0400,74.125
2015-08-24,0400-0800,74.5
2015-08-24,0800-1200,81.5
2015-08-24,1200-1600,84.25
2015-08-24,1600-2000,79.5
2015-08-24,2000-0000,62.0
2015-08-25,0000-0400,77.25
2015-08-25,0400-0800,77.0
2015-08-25,0800-1200,84.25
2015-08-25,1200-1600,86.5
2015-08-25,1600-2000,83.25
2015-08-25,2000-0000,61.2
2015-08-26,0000-0400,70.75
2015-08-26,0400-0800,68.5
2015-08-26,0800-1200,78.25
2015-08-26,1200-1600,82.5
2015-08-26,1600-2000,78.5
2015-08-26,2000-0000,58.8
2015-08-27,0000-0400,68.75
2015-08-27,0400-0800,68.5
2015-08-27,0800-1200,76.75
2015-08-27,1200-1600,79.5
2015-08-27,1600-2000,75.25
2015-08-27,2000-0000,56.6
2015-08-28,0000-0400,66.75
2015-08-28,0400-0800,65.5
2015-08-28,0800-1200,74.75
2015-08-28,1200-1600,81.25
2015-08-28,1600-2000,77.75
2015-08-28,2000-0000,58.2
2015-08-29,0000-0400,69.25
2015-08-29,0400-0800,69.25
2015-08-29,0800-1200,79.5
2015-08-29,1200-1600,85.25
2015-08-29,1600-2000,78.25
2015-08-29,2000-0000,60.8
2015-08-30,0000-0400,73.75
2015-08-30,0400-0800,73.25
2015-08-30,0800-1200,83.25
2015-08-30,1200-1600,87.0
2015-08-30,1600-2000,83.25
2015-08-30,2000-0000,65.42857142857143
2015-08-31,0000-0400,77.0
2015-08-31,0400-0800,77.0
2015-08-31,0800-1200,83.0
2015-08-31,1200-1600,90.0
2015-08-31,1600-2000,87.25
2015-08-31,2000-0000,66.6
2015-09-01,0000-0400,79.25
2015-09-01,0400-0800,77.25
2015-09-01,0800-1200,83.0
2015-09-01,1200-1600,87.0
2015-09-01,1600-2000,80.75
2015-09-01,2000-0000,62.2
2015-09-02,0000-0400,75.75
2015-09-02,0400-0800,76.5
2015-09-02,0800-1200,86.0
2015-09-02,1200-1600,88.5
2015-09-02,1600-2000,82.0
2015-09-02,2000-0000,62.8
2015-09-03,0000-0400,77.25
2015-09-03,0400-0800,76.0
2015-09-03,0800-1200,85.75
2015-09-03,1200-1600,92.25
2015-09-03,1600-2000,86.75
2015-09-03,2000-0000,65.6
2015-09-04,0000-0400,79.0
2015-09-04,0400-0800,77.75
2015-09-04,0800-1200,80.33333333333333
2015-09-04,1200-1600,82.6
2015-09-04,1600-2000,79.5
2015-09-04,2000-0000,59.4
2015-09-05,0000-0400,70.5
2015-09-05,0400-0800,68.33333333333333
2015-09-05,0800-1200,75.0
2015-09-05,1200-1600,81.0
2015-09-05,1600-2000,73.5
2015-09-05,2000-0000,55.4
2015-09-06,0000-0400,67.5
2015-09-06,0400-0800,68.25
2015-09-06,0800-1200,80.0
2015-09-06,1200-1600,83.5
2015-09-06,1600-2000,77.0
2015-09-06,2000-0000,58.2
2015-09-07,0000-0400,71.25
2015-09-07,0400-0800,71.4
2015-09-07,0800-1200,84.0
2015-09-07,1200-1600,89.75
2015-09-07,1600-2000,83.25
2015-09-07,2000-0000,65.4
2015-09-08,0000-0400,77.75
2015-09-08,0400-0800,77.25
2015-09-08,0800-1200,88.75
2015-09-08,1200-1600,94.0
2015-09-08,1600-2000,86.0
2015-09-08,2000-0000,65.8
2015-09-09,0000-0400,77.75
2015-09-09,0400-0800,78.42857142857143
2015-09-09,0800-1200,86.5
2015-09-09,1200-1600,85.5
2015-09-09,1600-2000,81.5
2015-09-09,2000-0000,71.0
2015-09-10,0000-0400,73.88888888888889
2015-09-10,0400-0800,71.66666666666667
2015-09-10,0800-1200,74.0
2015-09-10,1200-1600,74.5
2015-09-10,1600-2000,73.0
2015-09-10,2000-0000,65.0909090909091
2015-09-11,0000-0400,68.22222222222223
2015-09-11,0400-0800,67.42857142857143
2015-09-11,0800-1200,73.42857142857143
2015-09-11,1200-1600,79.25
2015-09-11,1600-2000,76.5
2015-09-11,2000-0000,59.4
2015-09-12,0000-0400,71.0
2015-09-12,0400-0800,71.75
2015-09-12,0800-1200,76.625
2015-09-12,1200-1600,76.28571428571429
2015-09-12,1600-2000,72.9090909090909
2015-09-12,2000-0000,61.42857142857143
2015-09-13,0000-0400,71.3076923076923
2015-09-13,0400-0800,69.16666666666667
2015-09-13,0800-1200,73.6
2015-09-13,1200-1600,72.5
2015-09-13,1600-2000,68.5
2015-09-13,2000-0000,50.8
2015-09-14,0000-0400,59.75
2015-09-14,0400-0800,59.5
2015-09-14,0800-1200,69.5
2015-09-14,1200-1600,75.0
2015-09-14,1600-2000,72.25
2015-09-14,2000-0000,54.4
2015-09-15,0000-0400,64.5
2015-09-15,0400-0800,64.75
2015-09-15,0800-1200,75.5
2015-09-15,1200-1600,82.25
2015-09-15,1600-2000,78.25
2015-09-15,2000-0000,58.8
2015-09-16,0000-0400,68.75
2015-09-16,0400-0800,67.75
2015-09-16,0800-1200,79.75
2015-09-16,1200-1600,86.0
2015-09-16,1600-2000,79.25
2015-09-16,2000-0000,59.4
2015-09-17,0000-0400,71.0
2015-09-17,0400-0800,70.5
2015-09-17,0800-1200,81.5
2015-09-17,1200-1600,86.75
2015-09-17,1600-2000,78.25
2015-09-17,2000-0000,60.0
2015-09-18,0000-0400,70.5
2015-09-18,0400-0800,70.0
2015-09-18,0800-1200,81.25
2015-09-18,1200-1600,84.25
2015-09-18,1600-2000,76.25
2015-09-18,2000-0000,58.2
2015-09-19,0000-0400,69.83333333333333
2015-09-19,0400-0800,70.25
2015-09-19,0800-1200,79.25
2015-09-19,1200-1600,80.5
2015-09-19,1600-2000,75.5
2015-09-19,2000-0000,59.4
2015-09-20,0000-0400,73.8
2015-09-20,0400-0800,71.9
2015-09-20,0800-1200,72.25
2015-09-20,1200-1600,77.25
2015-09-20,1600-2000,71.25
2015-09-20,2000-0000,53.0
2015-09-21,0000-0400,61.5
2015-09-21,0400-0800,59.75
2015-09-21,0800-1200,67.0
2015-09-21,1200-1600,71.0
2015-09-21,1600-2000,69.5
2015-09-21,2000-0000,54.0
2015-09-22,0000-0400,63.75
2015-09-22,0400-0800,62.75
2015-09-22,0800-1200,67.22222222222223
2015-09-22,1200-1600,69.8
2015-09-22,1600-2000,69.75
2015-09-22,2000-0000,53.6
2015-09-23,0000-0400,62.5
2015-09-23,0400-0800,60.75
2015-09-23,0800-1200,70.25
2015-09-23,1200-1600,78.5
2015-09-23,1600-2000,70.75
2015-09-23,2000-0000,52.2
2015-09-24,0000-0400,62.5
2015-09-24,0400-0800,64.25
2015-09-24,0800-1200,74.75
2015-09-24,1200-1600,79.75
2015-09-24,1600-2000,72.5
2015-09-24,2000-0000,55.6
2015-09-25,0000-0400,67.25
2015-09-25,0400-0800,64.75
2015-09-25,0800-1200,69.5
2015-09-25,1200-1600,73.0
2015-09-25,1600-2000,69.25
2015-09-25,2000-0000,53.2
2015-09-26,0000-0400,64.0
2015-09-26,0400-0800,62.833333333333336
2015-09-26,0800-1200,67.5
2015-09-26,1200-1600,70.25
2015-09-26,1600-2000,67.25
2015-09-26,2000-0000,50.2
2015-09-27,0000-0400,60.333333333333336
2015-09-27,0400-0800,58.0
2015-09-27,0800-1200,64.25
2015-09-27,1200-1600,68.75
2015-09-27,1600-2000,67.66666666666667
2015-09-27,2000-0000,59.333333333333336
2015-09-28,0000-0400,66.25
2015-09-28,0400-0800,66.75
2015-09-28,0800-1200,71.66666666666667
2015-09-28,1200-1600,76.875
2015-09-28,1600-2000,74.0
2015-09-28,2000-0000,58.4
2015-09-29,0000-0400,73.0
2015-09-29,0400-0800,72.6
2015-09-29,0800-1200,80.66666666666667
2015-09-29,1200-1600,79.0
2015-09-29,1600-2000,76.0
2015-09-29,2000-0000,68.38461538461539
2015-09-30,0000-0400,74.0
2015-09-30,0400-0800,75.0
2015-09-30,0800-1200,76.82352941176471
2015-09-30,1200-1600,71.0
2015-09-30,1600-2000,67.8
2015-09-30,2000-0000,49.6
2015-10-01,0000-0400,56.8
2015-10-01,0400-0800,56.75
2015-10-01,0800-1200,60.0
2015-10-01,1200-1600,63.2
2015-10-01,1600-2000,58.0
2015-10-01,2000-0000,49.875
2015-10-02,0000-0400,55.333333333333336
2015-10-02,0400-0800,52.4
2015-10-02,0800-1200,51.25
2015-10-02,1200-1600,50.285714285714285
2015-10-02,1600-2000,48.86666666666667
2015-10-02,2000-0000,42.25
2015-10-03,0000-0400,48.9
2015-10-03,0400-0800,49.0
2015-10-03,0800-1200,50.5
2015-10-03,1200-1600,52.42857142857143
2015-10-03,1600-2000,53.0
2015-10-03,2000-0000,43.4
2015-10-04,0000-0400,54.0
2015-10-04,0400-0800,53.5
2015-10-04,0800-1200,56.4
2015-10-04,1200-1600,62.0
2015-10-04,1600-2000,60.0
2015-10-04,2000-0000,43.8
2015-10-05,0000-0400,52.75
2015-10-05,0400-0800,53.4
2015-10-05,0800-1200,58.8
2015-10-05,1200-1600,65.0
2015-10-05,1600-2000,61.75
2015-10-05,2000-0000,45.8
2015-10-06,0000-0400,54.0
2015-10-06,0400-0800,53.25
2015-10-06,0800-1200,64.25
2015-10-06,1200-1600,71.75
2015-10-06,1600-2000,68.5
2015-10-06,2000-0000,51.2
2015-10-07,0000-0400,60.0
2015-10-07,0400-0800,60.0
2015-10-07,0800-1200,65.0
2015-10-07,1200-1600,71.75
2015-10-07,1600-2000,67.75
2015-10-07,2000-0000,51.0
2015-10-08,0000-0400,60.25
2015-10-08,0400-0800,61.25
2015-10-08,0800-1200,66.25
2015-10-08,1200-1600,67.75
2015-10-08,1600-2000,62.75
2015-10-08,2000-0000,50.0
2015-10-09,0000-0400,62.666666666666664
2015-10-09,0400-0800,64.25
2015-10-09,0800-1200,69.75
2015-10-09,1200-1600,74.8
2015-10-09,1600-2000,66.07692307692308
2015-10-09,2000-0000,51.2
2015-10-10,0000-0400,57.0
2015-10-10,0400-0800,52.0
2015-10-10,0800-1200,58.0
2015-10-10,1200-1600,62.75
2015-10-10,1600-2000,58.0
2015-10-10,2000-0000,45.0
2015-10-11,0000-0400,53.75
2015-10-11,0400-0800,54.0
2015-10-11,0800-1200,61.75
2015-10-11,1200-1600,67.5
2015-10-11,1600-2000,64.25
2015-10-11,2000-0000,49.8
2015-10-12,0000-0400,58.75
2015-10-12,0400-0800,58.0
2015-10-12,0800-1200,68.25
2015-10-12,1200-1600,73.75
2015-10-12,1600-2000,65.5
2015-10-12,2000-0000,50.4
2015-10-13,0000-0400,62.75
2015-10-13,0400-0800,62.0
2015-10-13,0800-1200,69.8
2015-10-13,1200-1600,69.4
2015-10-13,1600-2000,69.25
2015-10-13,2000-0000,53.2
2015-10-14,0000-0400,61.75
2015-10-14,0400-0800,58.75
2015-10-14,0800-1200,64.5
2015-10-14,1200-1600,66.25
2015-10-14,1600-2000,63.25
2015-10-14,2000-0000,48.2
2015-10-15,0000-0400,54.5
2015-10-15,0400-0800,52.0
2015-10-15,0800-1200,58.5
2015-10-15,1200-1600,62.75
2015-10-15,1600-2000,60.25
2015-10-15,2000-0000,46.8
2015-10-16,0000-0400,56.75
2015-10-16,0400-0800,55.25
2015-10-16,0800-1200,59.25
2015-10-16,1200-1600,62.0
2015-10-16,1600-2000,59.0
2015-10-16,2000-0000,43.4
2015-10-17,0000-0400,51.25
2015-10-17,0400-0800,48.25
2015-10-17,0800-1200,51.5
2015-10-17,1200-1600,53.0
2015-10-17,1600-2000,49.0
2015-10-17,2000-0000,35.4
2015-10-18,0000-0400,40.0
2015-10-18,0400-0800,38.5
2015-10-18,0800-1200,44.5
2015-10-18,1200-1600,48.25
2015-10-18,1600-2000,44.5
2015-10-18,2000-0000,31.6
2015-10-19,0000-0400,37.0
2015-10-19,0400-0800,36.25
2015-10-19,0800-1200,44.5
2015-10-19,1200-1600,51.75
2015-10-19,1600-2000,50.25
2015-10-19,2000-0000,39.4
2015-10-20,0000-0400,48.75
2015-10-20,0400-0800,49.5
2015-10-20,0800-1200,58.5
2015-10-20,1200-1600,68.5
2015-10-20,1600-2000,66.25
2015-10-20,2000-0000,50.2
2015-10-21,0000-0400,60.0
2015-10-21,0400-0800,59.25
2015-10-21,0800-1200,68.5
2015-10-21,1200-1600,73.75
2015-10-21,1600-2000,65.5
2015-10-21,2000-0000,51.0
2015-10-22,0000-0400,61.0
2015-10-22,0400-0800,59.5
2015-10-22,0800-1200,66.0
2015-10-22,1200-1600,73.0
2015-10-22,1600-2000,71.25
2015-10-22,2000-0000,54.0
2015-10-23,0000-0400,59.25
2015-10-23,0400-0800,53.25
2015-10-23,0800-1200,56.75
2015-10-23,1200-1600,58.5
2015-10-23,1600-2000,52.25
2015-10-23,2000-0000,37.4
2015-10-24,0000-0400,43.25
2015-10-24,0400-0800,42.0
2015-10-24,0800-1200,50.5
2015-10-24,1200-1600,54.75
2015-10-24,1600-2000,54.333333333333336
2015-10-24,2000-0000,44.8
2015-10-25,0000-0400,58.0
2015-10-25,0400-0800,57.2
2015-10-25,0800-1200,58.90909090909091
2015-10-25,1200-1600,65.0
2015-10-25,1600-2000,58.75
2015-10-25,2000-0000,41.2
2015-10-26,0000-0400,48.5
2015-10-26,0400-0800,47.5
2015-10-26,0800-1200,52.25
2015-10-26,1200-1600,57.25
2015-10-26,1600-2000,52.75
2015-10-26,2000-0000,39.6
2015-10-27,0000-0400,47.25
2015-10-27,0400-0800,46.75
2015-10-27,0800-1200,55.75
2015-10-27,1200-1600,57.75
2015-10-27,1600-2000,54.75
2015-10-27,2000-0000,41.8
2015-10-28,0000-0400,54.714285714285715
2015-10-28,0400-0800,56.0
2015-10-28,0800-1200,59.4
2015-10-28,1200-1600,61.9375
2015-10-28,1600-2000,66.33333333333333
2015-10-28,2000-0000,63.875
2015-10-29,0000-0400,68.16666666666667
2015-10-29,0400-0800,64.33333333333333
2015-10-29,0800-1200,68.75
2015-10-29,1200-1600,68.5
2015-10-29,1600-2000,63.5
2015-10-29,2000-0000,47.4
2015-10-30,0000-0400,54.25
2015-10-30,0400-0800,50.75
2015-10-30,0800-1200,56.5
2015-10-30,1200-1600,58.75
2015-10-30,1600-2000,53.0
2015-10-30,2000-0000,39.6
2015-10-31,0000-0400,44.75
2015-10-31,0400-0800,43.5
2015-10-31,0800-1200,50.5
2015-10-31,1200-1600,54.25
2015-10-31,1600-2000,52.5
2015-10-31,2000-0000,42.6
2015-11-01,0000-0400,54.5
2015-11-01,0400-0800,56.25
2015-11-01,0800-1200,59.75
2015-11-01,1200-1600,63.25
2015-11-01,1600-2000,62.5
2015-11-01,2000-0000,48.0
2015-11-02,0000-0400,56.75
2015-11-02,0400-0800,56.0
2015-11-02,0800-1200,60.25
2015-11-02,1200-1600,62.75
2015-11-02,1600-2000,60.0
2015-11-02,2000-0000,45.6
2015-11-03,0000-0400,54.0
2015-11-03,0400-0800,51.75
2015-11-03,0800-1200,63.0
2015-11-03,1200-1600,71.5
2015-11-03,1600-2000,68.0
2015-11-03,2000-0000,52.0
2015-11-04,0000-0400,58.25
2015-11-04,0400-0800,57.75
2015-11-04,0800-1200,65.5
2015-11-04,1200-1600,68.0
2015-11-04,1600-2000,61.25
2015-11-04,2000-0000,47.4
2015-11-05,0000-0400,57.375
2015-11-05,0400-0800,60.2
2015-11-05,0800-1200,65.0
2015-11-05,1200-1600,69.66666666666667
2015-11-05,1600-2000,66.66666666666667
2015-11-05,2000-0000,56.5
2015-11-06,0000-0400,67.5
2015-11-06,0400-0800,67.16666666666667
2015-11-06,0800-1200,70.16666666666667
2015-11-06,1200-1600,72.6
2015-11-06,1600-2000,71.75
2015-11-06,2000-0000,56.6
2015-11-07,0000-0400,70.25
2015-11-07,0400-0800,63.5
2015-11-07,0800-1200,62.0
2015-11-07,1200-1600,61.75
2015-11-07,1600-2000,57.5
2015-11-07,2000-0000,43.4
2015-11-08,0000-0400,50.25
2015-11-08,0400-0800,46.75
2015-11-08,0800-1200,51.0
2015-11-08,1200-1600,55.5
2015-11-08,1600-2000,52.0
2015-11-08,2000-0000,40.2
2015-11-09,0000-0400,46.75
2015-11-09,0400-0800,45.25
2015-11-09,0800-1200,53.75
2015-11-09,1200-1600,57.25
2015-11-09,1600-2000,54.75
2015-11-09,2000-0000,43.6
2015-11-10,0000-0400,54.25
2015-11-10,0400-0800,55.333333333333336
2015-11-10,0800-1200,56.57142857142857
2015-11-10,1200-1600,54.857142857142854
2015-11-10,1600-2000,54.0
2015-11-10,2000-0000,45.77777777777778
2015-11-11,0000-0400,50.36363636363637
2015-11-11,0400-0800,50.0
2015-11-11,0800-1200,51.875
2015-11-11,1200-1600,55.666666666666664
2015-11-11,1600-2000,56.0
2015-11-11,2000-0000,46.714285714285715
2015-11-12,0000-0400,52.142857142857146
2015-11-12,0400-0800,52.166666666666664
2015-11-12,0800-1200,56.625
2015-11-12,1200-1600,58.0
2015-11-12,1600-2000,59.5
2015-11-12,2000-0000,49.714285714285715
2015-11-13,0000-0400,55.0
2015-11-13,0400-0800,55.25
2015-11-13,0800-1200,56.5
2015-11-13,1200-1600,54.75
2015-11-13,1600-2000,51.0
2015-11-13,2000-0000,38.4
2015-11-14,0000-0400,44.5
2015-11-14,0400-0800,44.5
2015-11-14,0800-1200,47.0
2015-11-14,1200-1600,47.5
2015-11-14,1600-2000,45.0
2015-11-14,2000-0000,33.8
2015-11-15,0000-0400,40.5
2015-11-15,0400-0800,40.25
2015-11-15,0800-1200,46.5
2015-11-15,1200-1600,56.5
2015-11-15,1600-2000,56.25
2015-11-15,2000-0000,44.2
2015-11-16,0000-0400,54.5
2015-11-16,0400-0800,52.75
2015-11-16,0800-1200,59.5
2015-11-16,1200-1600,65.75
2015-11-16,1600-2000,61.75
2015-11-16,2000-0000,44.2
2015-11-17,0000-0400,47.5
2015-11-17,0400-0800,40.75
2015-11-17,0800-1200,44.75
2015-11-17,1200-1600,48.0
2015-11-17,1600-2000,45.25
2015-11-17,2000-0000,36.2
2015-11-18,0000-0400,46.5
2015-11-18,0400-0800,48.0
2015-11-18,0800-1200,54.75
2015-11-18,1200-1600,57.285714285714285
2015-11-18,1600-2000,56.625
2015-11-18,2000-0000,46.0
2015-11-19,0000-0400,57.8
2015-11-19,0400-0800,59.0
2015-11-19,0800-1200,61.57142857142857
2015-11-19,1200-1600,61.2
2015-11-19,1600-2000,61.333333333333336
2015-11-19,2000-0000,58.214285714285715
2015-11-20,0000-0400,63.0
2015-11-20,0400-0800,55.75
2015-11-20,0800-1200,54.5
2015-11-20,1200-1600,55.75
2015-11-20,1600-2000,51.25
2015-11-20,2000-0000,38.0
2015-11-21,0000-0400,43.75
2015-11-21,0400-0800,42.5
2015-11-21,0800-1200,46.25
2015-11-21,1200-1600,49.75
2015-11-21,1600-2000,49.25
2015-11-21,2000-0000,41.4
2015-11-22,0000-0400,54.142857142857146
2015-11-22,0400-0800,53.25
2015-11-22,0800-1200,50.5
2015-11-22,1200-1600,49.0
2015-11-22,1600-2000,48.25
2015-11-22,2000-0000,35.4
2015-11-23,0000-0400,38.75
2015-11-23,0400-0800,35.0
2015-11-23,0800-1200,38.75
2015-11-23,1200-1600,41.5
2015-11-23,1600-2000,37.5
2015-11-23,2000-0000,27.4
2015-11-24,0000-0400,33.0
2015-11-24,0400-0800,34.5
2015-11-24,0800-1200,40.5
2015-11-24,1200-1600,44.75
2015-11-24,1600-2000,44.25
2015-11-24,2000-0000,33.0
2015-11-25,0000-0400,39.25
2015-11-25,0400-0800,37.5
2015-11-25,0800-1200,45.0
2015-11-25,1200-1600,47.5
2015-11-25,1600-2000,44.75
2015-11-25,2000-0000,35.2
2015-11-26,0000-0400,43.5
2015-11-26,0400-0800,42.25
2015-11-26,0800-1200,52.25
2015-11-26,1200-1600,59.0
2015-11-26,1600-2000,55.75
2015-11-26,2000-0000,44.6
2015-11-27,0000-0400,53.0
2015-11-27,0400-0800,52.75
2015-11-27,0800-1200,57.8
2015-11-27,1200-1600,63.25
2015-11-27,1600-2000,61.0
2015-11-27,2000-0000,39.0
2015-11-28,0000-0400,55.5
2015-11-28,0400-0800,55.666666666666664
2015-11-28,0800-1200,62.0
2015-11-28,1200-1600,56.0
2015-11-28,1600-2000,45.75
2015-11-28,2000-0000,32.75
2015-11-29,0000-0400,41.0
2015-11-29,0400-0800,38.5
2015-11-29,0800-1200,39.0
2015-11-29,1200-1600,45.5
2015-11-29,1600-2000,41.0
2015-11-29,2000-0000,28.75
2015-11-30,0000-0400,36.25
2015-11-30,0400-0800,35.5
2015-11-30,0800-1200,39.5
2015-11-30,1200-1600,44.0
2015-11-30,1600-2000,43.5
2015-11-30,2000-0000,38.285714285714285
2015-12-01,0000-0400,44.285714285714285
2015-12-01,0400-0800,45.4
2015-12-01,0800-1200,49.57142857142857
2015-12-01,1200-1600,49.0
2015-12-01,1600-2000,47.75
2015-12-01,2000-0000,38.2
2015-12-02,0000-0400,46.2
2015-12-02,0400-0800,47.0
2015-12-02,0800-1200,50.57142857142857
2015-12-02,1200-1600,52.0
2015-12-02,1600-2000,55.285714285714285
2015-12-02,2000-0000,49.0
2015-12-03,0000-0400,53.0
2015-12-03,0400-0800,48.0
2015-12-03,0800-1200,48.0
2015-12-03,1200-1600,49.0
2015-12-03,1600-2000,47.0
2015-12-03,2000-0000,36.0
2015-12-04,0000-0400,44.0
2015-12-04,0400-0800,43.75
2015-12-04,0800-1200,47.0
2015-12-04,1200-1600,50.75
2015-12-04,1600-2000,48.25
2015-12-04,2000-0000,36.2
2015-12-05,0000-0400,43.25
2015-12-05,0400-0800,41.5
2015-12-05,0800-1200,45.5
2015-12-05,1200-1600,50.25
2015-12-05,1600-2000,48.75
2015-12-05,2000-0000,37.6
2015-12-06,0000-0400,42.75
2015-12-06,0400-0800,40.75
2015-12-06,0800-1200,46.75
2015-12-06,1200-1600,52.25
2015-12-06,1600-2000,50.25
2015-12-06,2000-0000,38.6
2015-12-07,0000-0400,45.0
2015-12-07,0400-0800,43.5
2015-12-07,0800-1200,47.25
2015-12-07,1200-1600,53.75
2015-12-07,1600-2000,50.0
2015-12-07,2000-0000,37.0
2015-12-08,0000-0400,42.4
2015-12-08,0400-0800,41.2
2015-12-08,0800-1200,44.5
2015-12-08,1200-1600,47.42857142857143
2015-12-08,1600-2000,44.25
2015-12-08,2000-0000,34.0
2015-12-09,0000-0400,41.0
2015-12-09,0400-0800,42.75
2015-12-09,0800-1200,47.75
2015-12-09,1200-1600,51.0
2015-12-09,1600-2000,53.0
2015-12-09,2000-0000,46.57142857142857
2015-12-10,0000-0400,54.5
2015-12-10,0400-0800,52.0
2015-12-10,0800-1200,54.0
2015-12-10,1200-1600,58.75
2015-12-10,1600-2000,56.25
2015-12-10,2000-0000,43.2
2015-12-11,0000-0400,53.25
2015-12-11,0400-0800,51.0
2015-12-11,0800-1200,55.25
2015-12-11,1200-1600,59.25
2015-12-11,1600-2000,59.25
2015-12-11,2000-0000,45.8
2015-12-12,0000-0400,56.25
2015-12-12,0400-0800,57.25
2015-12-12,0800-1200,61.25
2015-12-12,1200-1600,64.75
2015-12-12,1600-2000,61.75
2015-12-12,2000-0000,50.0
2015-12-13,0000-0400,61.5
2015-12-13,0400-0800,60.0
2015-12-13,0800-1200,64.5
2015-12-13,1200-1600,64.0
2015-12-13,1600-2000,57.0
2015-12-13,2000-0000,48.5
2015-12-14,0000-0400,54.4
2015-12-14,0400-0800,53.2
2015-12-14,0800-1200,56.0
2015-12-14,1200-1600,62.22222222222222
2015-12-14,1600-2000,62.333333333333336
2015-12-14,2000-0000,54.57142857142857
2015-12-15,0000-0400,65.85714285714286
2015-12-15,0400-0800,61.5
2015-12-15,0800-1200,59.25
2015-12-15,1200-1600,60.75
2015-12-15,1600-2000,57.5
2015-12-15,2000-0000,43.2
2015-12-16,0000-0400,51.0
2015-12-16,0400-0800,47.25
2015-12-16,0800-1200,49.5
2015-12-16,1200-1600,51.0
2015-12-16,1600-2000,49.6
2015-12-16,2000-0000,46.142857142857146
2015-12-17,0000-0400,52.0
2015-12-17,0400-0800,54.25
2015-12-17,0800-1200,57.666666666666664
2015-12-17,1200-1600,58.7
2015-12-17,1600-2000,58.42857142857143
2015-12-17,2000-0000,53.666666666666664
2015-12-18,0000-0400,56.5
2015-12-18,0400-0800,51.57142857142857
2015-12-18,0800-1200,46.75
2015-12-18,1200-1600,47.25
2015-12-18,1600-2000,44.0
2015-12-18,2000-0000,31.6
2015-12-19,0000-0400,38.5
2015-12-19,0400-0800,36.5
2015-12-19,0800-1200,36.75
2015-12-19,1200-1600,38.75
2015-12-19,1600-2000,37.75
2015-12-19,2000-0000,31.0
2015-12-20,0000-0400,38.0
2015-12-20,0400-0800,36.0
2015-12-20,0800-1200,37.25
2015-12-20,1200-1600,41.75
2015-12-20,1600-2000,40.75
2015-12-20,2000-0000,31.4
2015-12-21,0000-0400,40.75
2015-12-21,0400-0800,42.25
2015-12-21,0800-1200,46.5
2015-12-21,1200-1600,51.5
2015-12-21,1600-2000,53.75
2015-12-21,2000-0000,44.6
2015-12-22,0000-0400,56.0
2015-12-22,0400-0800,55.75
2015-12-22,0800-1200,57.09090909090909
2015-12-22,1200-1600,58.6
2015-12-22,1600-2000,61.666666666666664
2015-12-22,2000-0000,51.142857142857146
2015-12-23,0000-0400,56.5
2015-12-23,0400-0800,54.0
2015-12-23,0800-1200,55.214285714285715
2015-12-23,1200-1600,56.0
2015-12-23,1600-2000,55.93333333333333
2015-12-23,2000-0000,58.05263157894737
2015-12-24,0000-0400,66.0
2015-12-24,0400-0800,66.83333333333333
2015-12-24,0800-1200,70.57142857142857
2015-12-24,1200-1600,70.66666666666667
2015-12-24,1600-2000,69.25
2015-12-24,2000-0000,53.2
2015-12-25,0000-0400,63.0
2015-12-25,0400-0800,58.5
2015-12-25,0800-1200,59.57142857142857
2015-12-25,1200-1600,61.0
2015-12-25,1600-2000,60.714285714285715
2015-12-25,2000-0000,50.166666666666664
2015-12-26,0000-0400,45.6
2015-12-26,0400-0800,53.5
2015-12-26,0800-1200,40.0
2015-12-26,1200-1600,39.0
2015-12-26,1600-2000,50.0
2015-12-26,2000-0000,41.714285714285715
2015-12-27,0000-0400,46.57142857142857
2015-12-27,0400-0800,48.53846153846154
2015-12-27,0800-1200,51.833333333333336
2015-12-27,1200-1600,58.0
2015-12-27,1600-2000,60.0
2015-12-27,2000-0000,39.6
2015-12-28,0000-0400,42.0
2015-12-28,0400-0800,39.5
2015-12-28,0800-1200,40.0
2015-12-28,1200-1600,41.0
2015-12-28,1600-2000,39.0
2015-12-28,2000-0000,29.666666666666668
2015-12-29,0000-0400,35.0
2015-12-29,0400-0800,39.625
2015-12-29,0800-1200,44.54545454545455
2015-12-29,1200-1600,42.714285714285715
2015-12-29,1600-2000,39.833333333333336
2015-12-29,2000-0000,33.166666666666664
2015-12-30,0000-0400,39.333333333333336
2015-12-30,0400-0800,41.0
2015-12-30,0800-1200,42.5
2015-12-30,1200-1600,44.0
2015-12-30,1600-2000,45.5
2015-12-30,2000-0000,43.0
